eventtitle,views,place,address,eventday,eventdate,request
LIVE x ICHI ICHI w/Nepumuk,3041,Tanzhaus West/Dora Brilliant,"60327 Frankfurt am Main, Gutleutstraße 294",Mittwoch,2021-06-30,2021-06-29T16:57:00.106973Z
Verurteilt! Der Gerichtspodcast - Live,8591,Batschkapp,"60388 Frankfurt am Main, Gwinnerstraße 5",Mittwoch,2021-06-30,2021-06-29T16:57:00.106973Z
Der Zauberer von Oz,2473,Jahnturnhalle,"64521 Groß-Gerau, Jahnstraße",Mittwoch,2021-06-30,2021-06-29T16:57:00.106973Z
Die Akte Jedermann,1872,Carl-Zuckmayer-Halle,"55299 Nackenheim, Lörzweiler Straße 15",Mittwoch,2021-06-30,2021-06-29T16:57:00.106973Z
Hairspray - Das Broadway-Musical,1509,Carl-Zuckmayer-Halle,"55299 Nackenheim, Lörzweiler Straße 15",Mittwoch,2021-06-30,2021-06-29T16:57:00.106973Z
Löwen Frankfurt,550,Löwen Frankfurt,"60386 Frankfurt am Main, Am Bornheimer Hang 4",Mittwoch,2021-06-30,2021-06-29T16:57:00.106973Z
Martinsvierteler Markt,649,Riegerplatz,64289 Darmstadt,Mittwoch,2021-06-30,2021-06-29T16:57:00.106973Z
Online Tour Bunte Götter,494,Liebieghaus Skulpturensammlung,"60596 Frankfurt am Main, Schaumainkai 71",Mittwoch,2021-06-30,2021-06-29T16:57:00.106973Z
Wochenmarkt Bornheim,472,Wochenmarkt Bornheim,"60385 Frankfurt am Main, Berger Straße 194",Mittwoch,2021-06-30,2021-06-29T16:57:00.106973Z
Wochenmarkt Rödelheim,550,Wochenmarkt Rödelheim,"60489 Frankfurt am Main, Arthur-Stern-Platz",Mittwoch,2021-06-30,2021-06-29T16:57:00.106973Z
Populismus-Kultur-Kampf,,Goethe Universität,"60323 Frankfurt am Main, Grüneburgplatz 1",Donnerstag,2021-07-01,2021-06-29T16:57:01.713767Z
Kafvka,1374,Batschkapp,"60388 Frankfurt am Main, Gwinnerstraße 5",Donnerstag,2021-07-01,2021-06-29T16:57:01.713767Z
50:50 von und mit Lukas Schmied,1546,Carl-Zuckmayer-Halle,"55299 Nackenheim, Lörzweiler Straße 15",Donnerstag,2021-07-01,2021-06-29T16:57:01.713767Z
Alex Kristan - Heimvorteil,2530,Jahnturnhalle,"64521 Groß-Gerau, Jahnstraße",Donnerstag,2021-07-01,2021-06-29T16:57:01.713767Z
"Arielle, die kleine Meerjungfrau",2439,Jahnturnhalle,"64521 Groß-Gerau, Jahnstraße",Donnerstag,2021-07-01,2021-06-29T16:57:01.713767Z
Blockflötenconsort and Friends - Evviva la musica …,36,Kirche am Campus Bockenheim (im Studierendenhaus),"60325 Frankfurt am Main, Jügelstr. 1",Donnerstag,2021-07-01,2021-06-29T16:57:01.713767Z
Erzeugermarkt Konstablerwache,472,Erzeugermarkt Konstablerwache,"60313 Frankfurt am Main, Konstablerwache",Donnerstag,2021-07-01,2021-06-29T16:57:01.713767Z
Junge Choreografen VII,2463,Jahnturnhalle,"64521 Groß-Gerau, Jahnstraße",Donnerstag,2021-07-01,2021-06-29T16:57:01.713767Z
Kaisermarkt,413,Kaisermarkt,"60329 Frankfurt am Main, Kaiserstraße 81",Donnerstag,2021-07-01,2021-06-29T16:57:01.713767Z
SINNFLUT - Sommerlesung des sexyunderground,638,Literaturhaus Frankfurt,"60311 Frankfurt, Schöne Aussicht 2",Donnerstag,2021-07-01,2021-06-29T16:57:01.713767Z
Summer Vintage Kilo Pop Up Store,115,VinoKilo,60232 Frankfurt am Main,Donnerstag,2021-07-01,2021-06-29T16:57:01.713767Z
Hafenkino Open Air: Und morgen die ganze Welt,191,Hafen 2,"63067 Offenbach, Nordring 129",Donnerstag,2021-07-01,2021-06-29T16:57:01.713767Z
Fil Bo Riva - Brotfabrik Sommerwiese,378,Jahrhunderthalle,"65929 Frankfurt am Main, Pfaffenwiese 301",Dienstag,2021-06-29,2021-06-29T16:56:58.517280Z
Hairspray - Das Broadway-Musical,2466,Carl-Zuckmayer-Halle,"55299 Nackenheim, Lörzweiler Straße 15",Dienstag,2021-06-29,2021-06-29T16:56:58.517280Z
Wochenmarkt Sachsenhausen,997,Wochenmarkt Sachsenhausen,"60594 Frankfurt am Main, Diesterwegplatz 50",Dienstag,2021-06-29,2021-06-29T16:56:58.517280Z
Wochenmarkt und Markthalle Höchst,1461,Markthalle und Wochenmarkt Höchst,"65929 Frankfurt am Main, Höchster Markt 6",Dienstag,2021-06-29,2021-06-29T16:56:58.517280Z
Club Picknick x Extrawelt [live],2502,Tanzhaus West/Dora Brilliant,"60327 Frankfurt am Main, Gutleutstraße 294",Freitag,2021-07-02,2021-06-29T16:57:03.338038Z
HipHop Biergarten,1325,Batschkapp,"60388 Frankfurt am Main, Gwinnerstraße 5",Freitag,2021-07-02,2021-06-29T16:57:03.338038Z
Indoor Reopening,849,Bar Pracht,"60329 Frankfurt am Main, Niddastraße 54",Freitag,2021-07-02,2021-06-29T16:57:03.338038Z
Alma Frye,1575,Carl-Zuckmayer-Halle,"55299 Nackenheim, Lörzweiler Straße 15",Freitag,2021-07-02,2021-06-29T16:57:03.338038Z
Blond + Laura Lee & The Jettes + Wolf & Moon - …,6042,Jahrhunderthalle,"65929 Frankfurt am Main, Pfaffenwiese 301",Freitag,2021-07-02,2021-06-29T16:57:03.338038Z
Blumenmarkt Liebfrauenberg,403,Liebfrauenberg,"60313 Frankfurt am Main, Liebfrauenberg",Freitag,2021-07-02,2021-06-29T16:57:03.338038Z
Das Kriminal Dinner - Krimidinner für Jung und Alt,2496,Jahnturnhalle,"64521 Groß-Gerau, Jahnstraße",Freitag,2021-07-02,2021-06-29T16:57:03.338038Z
Ein Mensch Brennt nach dem gleichnamigen Roman von …,341,Freies Schauspiel Ensemble,"60487 Frankfurt am Main, Basaltstraße 23",Freitag,2021-07-02,2021-06-29T16:57:03.338038Z
Gallusmarkt,419,Gallusmarkt,"60326 Frankfurt am Main, Frankenallee 183",Freitag,2021-07-02,2021-06-29T16:57:03.338038Z
Hafenkino Open Air: Frühling in Paris (OmU),169,Hafen 2,"63067 Offenbach, Nordring 129",Freitag,2021-07-02,2021-06-29T16:57:03.338038Z
In Extremo,1272,Jahnturnhalle,"64521 Groß-Gerau, Jahnstraße",Freitag,2021-07-02,2021-06-29T16:57:03.338038Z
Jim Knopf und Lukas der Lokomotivführer,1281,Carl-Zuckmayer-Halle,"55299 Nackenheim, Lörzweiler Straße 15",Freitag,2021-07-02,2021-06-29T16:57:03.338038Z
"Konzert: Tim McMillan & Rachel Snow, Go! Go!! …",173,Hafen 2,"63067 Offenbach, Nordring 129",Freitag,2021-07-02,2021-06-29T16:57:03.338038Z
Revolverheld,1273,Jahnturnhalle,"64521 Groß-Gerau, Jahnstraße",Freitag,2021-07-02,2021-06-29T16:57:03.338038Z
Ronja Räubertochter,1283,Jahnturnhalle,"64521 Groß-Gerau, Jahnstraße",Freitag,2021-07-02,2021-06-29T16:57:03.338038Z
Sister Act,1290,Jahnturnhalle,"64521 Groß-Gerau, Jahnstraße",Freitag,2021-07-02,2021-06-29T16:57:03.338038Z
Summer Vintage Kilo Pop Up Store,84,VinoKilo,60232 Frankfurt am Main,Freitag,2021-07-02,2021-06-29T16:57:03.338038Z
Winterreise - F. Schubert,1347,Jahnturnhalle,"64521 Groß-Gerau, Jahnstraße",Freitag,2021-07-02,2021-06-29T16:57:03.338038Z
Wochenmarkt Sachsenhausen,364,Wochenmarkt Sachsenhausen,"60594 Frankfurt am Main, Diesterwegplatz 50",Freitag,2021-07-02,2021-06-29T16:57:03.338038Z
Wochenmarkt und Markthalle Höchst,526,Markthalle und Wochenmarkt Höchst,"65929 Frankfurt am Main, Höchster Markt 6",Freitag,2021-07-02,2021-06-29T16:57:03.338038Z
Club Picknick x THW Sommerfest,212,Tanzhaus West/Dora Brilliant,"60327 Frankfurt am Main, Gutleutstraße 294",Samstag,2021-07-03,2021-06-29T16:57:04.773592Z
Ohrwürmer Biergarten,1280,Batschkapp,"60388 Frankfurt am Main, Gwinnerstraße 5",Samstag,2021-07-03,2021-06-29T16:57:04.773592Z
Buffzack - Kultursommer 2021,1101,Hugenottenhalle,"63263 Neu-Isenburg, Frankfurter Straße 152",Samstag,2021-07-03,2021-06-29T16:57:04.773592Z
Die Abenteuer von Petterson und Findus - …,1361,Jahnturnhalle,"64521 Groß-Gerau, Jahnstraße",Samstag,2021-07-03,2021-06-29T16:57:04.773592Z
Die Akte Jedermann,1245,Carl-Zuckmayer-Halle,"55299 Nackenheim, Lörzweiler Straße 15",Samstag,2021-07-03,2021-06-29T16:57:04.773592Z
Die Fledermaus,1217,Carl-Zuckmayer-Halle,"55299 Nackenheim, Lörzweiler Straße 15",Samstag,2021-07-03,2021-06-29T16:57:04.773592Z
Ein Mensch Brennt nach dem gleichnamigen Roman von …,348,Freies Schauspiel Ensemble,"60487 Frankfurt am Main, Basaltstraße 23",Samstag,2021-07-03,2021-06-29T16:57:04.773592Z
Erzeugermarkt Konstablerwache,437,Erzeugermarkt Konstablerwache,"60313 Frankfurt am Main, Konstablerwache",Samstag,2021-07-03,2021-06-29T16:57:04.773592Z
Gernot Grünewald & Thomas Taube - UN/TRUE,421,Frankfurt LAB,"60326 Frankfurt am Main, Schmidtstraße 12",Samstag,2021-07-03,2021-06-29T16:57:04.773592Z
"Hafenkino Open Air: May, die dritte Frau (OmU)",151,Hafen 2,"63067 Offenbach, Nordring 129",Samstag,2021-07-03,2021-06-29T16:57:04.773592Z
Jim Knopf und Lukas der Lokomotivführer,1218,Carl-Zuckmayer-Halle,"55299 Nackenheim, Lörzweiler Straße 15",Samstag,2021-07-03,2021-06-29T16:57:04.773592Z
Konzert: Cisco Pema,155,Hafen 2,"63067 Offenbach, Nordring 129",Samstag,2021-07-03,2021-06-29T16:57:04.773592Z
Krimidinner - Hochzeit in Schwarz,1239,Carl-Zuckmayer-Halle,"55299 Nackenheim, Lörzweiler Straße 15",Samstag,2021-07-03,2021-06-29T16:57:04.773592Z
Latin Summer,97,Latin Palace Changó,"60311 Frankfurt, Münchener Straße 57",Samstag,2021-07-03,2021-06-29T16:57:04.773592Z
Ronja Räubertochter,1351,Jahnturnhalle,"64521 Groß-Gerau, Jahnstraße",Samstag,2021-07-03,2021-06-29T16:57:04.773592Z
Sister Act,1357,Jahnturnhalle,"64521 Groß-Gerau, Jahnstraße",Samstag,2021-07-03,2021-06-29T16:57:04.773592Z
Summer Vintage Kilo Pop Up Store,73,VinoKilo,60232 Frankfurt am Main,Samstag,2021-07-03,2021-06-29T16:57:04.773592Z
The Met Orchestra,1412,Jahnturnhalle,"64521 Groß-Gerau, Jahnstraße",Samstag,2021-07-03,2021-06-29T16:57:04.773592Z
Wochenmarkt Bornheim,425,Wochenmarkt Bornheim,"60385 Frankfurt am Main, Berger Straße 194",Samstag,2021-07-03,2021-06-29T16:57:04.773592Z
Wochenmarkt und Markthalle Höchst,542,Markthalle und Wochenmarkt Höchst,"65929 Frankfurt am Main, Höchster Markt 6",Samstag,2021-07-03,2021-06-29T16:57:04.773592Z
HELLA LUX,151,Künstlerhaus Mousonturm,"60316 Frankfurt am Main, Waldschmidtstraße 4",Sonntag,2021-07-04,2021-06-29T16:57:06.283139Z
Sunday Sundowner // Maya DJ,128,Yachtklub,"60594 Frankfurt am Main, Deutschherrnufer 12",Sonntag,2021-07-04,2021-06-29T16:57:06.283139Z
"Arielle, die kleine Meerjungfrau",1137,Jahnturnhalle,"64521 Groß-Gerau, Jahnstraße",Sonntag,2021-07-04,2021-06-29T16:57:06.283139Z
Baden-Baden-Gala,1221,Jahnturnhalle,"64521 Groß-Gerau, Jahnstraße",Sonntag,2021-07-04,2021-06-29T16:57:06.283139Z
Der Zauberer von Oz,1164,Jahnturnhalle,"64521 Groß-Gerau, Jahnstraße",Sonntag,2021-07-04,2021-06-29T16:57:06.283139Z
Die Abenteuer von Petterson und Findus - …,1165,Jahnturnhalle,"64521 Groß-Gerau, Jahnstraße",Sonntag,2021-07-04,2021-06-29T16:57:06.283139Z
Gernot Grünewald & Thomas Taube - UN/TRUE,404,Frankfurt LAB,"60326 Frankfurt am Main, Schmidtstraße 12",Sonntag,2021-07-04,2021-06-29T16:57:06.283139Z
Götz Alsmann - L.I.E.B.E.,1024,Carl-Zuckmayer-Halle,"55299 Nackenheim, Lörzweiler Straße 15",Sonntag,2021-07-04,2021-06-29T16:57:06.283139Z
Jim Knopf und Lukas der Lokomotivführer,998,Carl-Zuckmayer-Halle,"55299 Nackenheim, Lörzweiler Straße 15",Sonntag,2021-07-04,2021-06-29T16:57:06.283139Z
"Konzert: Dives, Evelinn Trouble, La Fanfarria del …",136,Hafen 2,"63067 Offenbach, Nordring 129",Sonntag,2021-07-04,2021-06-29T16:57:06.283139Z
Online Tour Bunte Götter,395,Liebieghaus Skulpturensammlung,"60596 Frankfurt am Main, Schaumainkai 71",Sonntag,2021-07-04,2021-06-29T16:57:06.283139Z
Riesling Festival,1940,Jahrhunderthalle Sommerwiese,"65929 Frankfurt am Main, Pfaffenwiese 301",Sonntag,2021-07-04,2021-06-29T16:57:06.283139Z
Riesling Festival - Sommerwiese Jahrhunderthalle,130,Jahrhunderthalle,"65929 Frankfurt am Main, Pfaffenwiese 301",Sonntag,2021-07-04,2021-06-29T16:57:06.283139Z
Ronja Räubertochter,1161,Jahnturnhalle,"64521 Groß-Gerau, Jahnstraße",Sonntag,2021-07-04,2021-06-29T16:57:06.283139Z
Sappy Sliver,484,Batschkapp,"60388 Frankfurt am Main, Gwinnerstraße 5",Sonntag,2021-07-04,2021-06-29T16:57:06.283139Z
Sister Act,1166,Jahnturnhalle,"64521 Groß-Gerau, Jahnstraße",Sonntag,2021-07-04,2021-06-29T16:57:06.283139Z
"So., 04.07., 19 Uhr: Impossible Dream - Großes …",25,Evangelische Wartburggemeinde,"60389 Frankfurt am Main, Hartmann-Ibach-Straße 108",Sonntag,2021-07-04,2021-06-29T16:57:06.283139Z
Traumzeit,1023,Carl-Zuckmayer-Halle,"55299 Nackenheim, Lörzweiler Straße 15",Sonntag,2021-07-04,2021-06-29T16:57:06.283139Z
Yoga,57,Yachtklub,"60594 Frankfurt am Main, Deutschherrnufer 12",Sonntag,2021-07-04,2021-06-29T16:57:06.283139Z
Stefan Aust - Zeitreise,572,Literaturhaus Frankfurt,"60311 Frankfurt, Schöne Aussicht 2",Montag,2021-07-05,2021-06-29T16:57:07.779657Z
Besuchszeit von Felix Mitterer,1056,Carl-Zuckmayer-Halle,"55299 Nackenheim, Lörzweiler Straße 15",Dienstag,2021-07-06,2021-06-29T16:57:09.276963Z
Stoned Immaculate,315,Batschkapp,"60388 Frankfurt am Main, Gwinnerstraße 5",Dienstag,2021-07-06,2021-06-29T16:57:09.276963Z
Tom Jones - Open Air,1036,Carl-Zuckmayer-Halle,"55299 Nackenheim, Lörzweiler Straße 15",Dienstag,2021-07-06,2021-06-29T16:57:09.276963Z
Wochenmarkt Sachsenhausen,295,Wochenmarkt Sachsenhausen,"60594 Frankfurt am Main, Diesterwegplatz 50",Dienstag,2021-07-06,2021-06-29T16:57:09.276963Z
Wochenmarkt und Markthalle Höchst,351,Markthalle und Wochenmarkt Höchst,"65929 Frankfurt am Main, Höchster Markt 6",Dienstag,2021-07-06,2021-06-29T16:57:09.276963Z
"Arielle, die kleine Meerjungfrau",1174,Jahnturnhalle,"64521 Groß-Gerau, Jahnstraße",Mittwoch,2021-07-07,2021-06-29T16:57:10.812458Z
Besuchszeit von Felix Mitterer,1067,Carl-Zuckmayer-Halle,"55299 Nackenheim, Lörzweiler Straße 15",Mittwoch,2021-07-07,2021-06-29T16:57:10.812458Z
Der Zauberer von Oz,1199,Jahnturnhalle,"64521 Groß-Gerau, Jahnstraße",Mittwoch,2021-07-07,2021-06-29T16:57:10.812458Z
Die Abenteuer von Petterson und Findus - …,1203,Jahnturnhalle,"64521 Groß-Gerau, Jahnstraße",Mittwoch,2021-07-07,2021-06-29T16:57:10.812458Z
Die Akte Jedermann,1072,Carl-Zuckmayer-Halle,"55299 Nackenheim, Lörzweiler Straße 15",Mittwoch,2021-07-07,2021-06-29T16:57:10.812458Z
Juiläums-3-Gang Menü-Package Gutschein,6971,Tigerpalast Varieté Theater,"60313 Frankfurt am Main, Heiligkreuzgasse 16",Mittwoch,2021-07-07,2021-06-29T16:57:10.812458Z
Jubiläums-Package 3-Gang Gutschein,5916,Tigerpalast Varieté Theater,"60313 Frankfurt am Main, Heiligkreuzgasse 16",Mittwoch,2021-07-07,2021-06-29T16:57:10.812458Z
Jubiläums-Package 4-Gang Gutschein,5888,Tigerpalast Varieté Theater,"60313 Frankfurt am Main, Heiligkreuzgasse 16",Mittwoch,2021-07-07,2021-06-29T16:57:10.812458Z
Kennenlernen in Frankfurt mal anders - Socialmatch,140,PLAZZ - Café am Kirchplatz,"60487 Frankfurt am Main, Kirchplatz 8",Mittwoch,2021-07-07,2021-06-29T16:57:10.812458Z
Klaus Eckel - Ich werde das Gefühl nicht los,1061,Carl-Zuckmayer-Halle,"55299 Nackenheim, Lörzweiler Straße 15",Mittwoch,2021-07-07,2021-06-29T16:57:10.812458Z
L´Aupaire - Brotfabrik Sommerwiese,6009,Jahrhunderthalle,"65929 Frankfurt am Main, Pfaffenwiese 301",Mittwoch,2021-07-07,2021-06-29T16:57:10.812458Z
Löwen Frankfurt,400,Löwen Frankfurt,"60386 Frankfurt am Main, Am Bornheimer Hang 4",Mittwoch,2021-07-07,2021-06-29T16:57:10.812458Z
Martinsvierteler Markt,500,Riegerplatz,64289 Darmstadt,Mittwoch,2021-07-07,2021-06-29T16:57:10.812458Z
Mate Power,46,Batschkapp,"60388 Frankfurt am Main, Gwinnerstraße 5",Mittwoch,2021-07-07,2021-06-29T16:57:10.812458Z
Online Tour Bunte Götter,308,Liebieghaus Skulpturensammlung,"60596 Frankfurt am Main, Schaumainkai 71",Mittwoch,2021-07-07,2021-06-29T16:57:10.812458Z
Sasha,1068,Carl-Zuckmayer-Halle,"55299 Nackenheim, Lörzweiler Straße 15",Mittwoch,2021-07-07,2021-06-29T16:57:10.812458Z
Sting - My Songs Tour,1053,Carl-Zuckmayer-Halle,"55299 Nackenheim, Lörzweiler Straße 15",Mittwoch,2021-07-07,2021-06-29T16:57:10.812458Z
Wochenmarkt Bornheim,305,Wochenmarkt Bornheim,"60385 Frankfurt am Main, Berger Straße 194",Mittwoch,2021-07-07,2021-06-29T16:57:10.812458Z
Wochenmarkt Rödelheim,394,Wochenmarkt Rödelheim,"60489 Frankfurt am Main, Arthur-Stern-Platz",Mittwoch,2021-07-07,2021-06-29T16:57:10.812458Z
LIVE x ICHI ICHI w/Nepumuk,5385,Tanzhaus West/Dora Brilliant,"60327 Frankfurt am Main, Gutleutstraße 294",Mittwoch,2021-06-30,2021-06-30T16:59:38.283065Z
Verurteilt! Der Gerichtspodcast - Live,10620,Batschkapp,"60388 Frankfurt am Main, Gwinnerstraße 5",Mittwoch,2021-06-30,2021-06-30T16:59:38.283065Z
Der Zauberer von Oz,3921,Jahnturnhalle,"64521 Groß-Gerau, Jahnstraße",Mittwoch,2021-06-30,2021-06-30T16:59:38.283065Z
Die Akte Jedermann,2804,Carl-Zuckmayer-Halle,"55299 Nackenheim, Lörzweiler Straße 15",Mittwoch,2021-06-30,2021-06-30T16:59:38.283065Z
Hairspray - Das Broadway-Musical,2430,Carl-Zuckmayer-Halle,"55299 Nackenheim, Lörzweiler Straße 15",Mittwoch,2021-06-30,2021-06-30T16:59:38.283065Z
Löwen Frankfurt,1176,Löwen Frankfurt,"60386 Frankfurt am Main, Am Bornheimer Hang 4",Mittwoch,2021-06-30,2021-06-30T16:59:38.283065Z
Martinsvierteler Markt,1274,Riegerplatz,64289 Darmstadt,Mittwoch,2021-06-30,2021-06-30T16:59:38.283065Z
Online Tour Bunte Götter,1128,Liebieghaus Skulpturensammlung,"60596 Frankfurt am Main, Schaumainkai 71",Mittwoch,2021-06-30,2021-06-30T16:59:38.283065Z
Wochenmarkt Bornheim,1097,Wochenmarkt Bornheim,"60385 Frankfurt am Main, Berger Straße 194",Mittwoch,2021-06-30,2021-06-30T16:59:38.283065Z
Wochenmarkt Rödelheim,1397,Wochenmarkt Rödelheim,"60489 Frankfurt am Main, Arthur-Stern-Platz",Mittwoch,2021-06-30,2021-06-30T16:59:38.283065Z
Populismus-Kultur-Kampf,,Goethe Universität,"60323 Frankfurt am Main, Grüneburgplatz 1",Donnerstag,2021-07-01,2021-06-30T16:59:40.278903Z
Kafvka,3002,Batschkapp,"60388 Frankfurt am Main, Gwinnerstraße 5",Donnerstag,2021-07-01,2021-06-30T16:59:40.278903Z
50:50 von und mit Lukas Schmied,1833,Carl-Zuckmayer-Halle,"55299 Nackenheim, Lörzweiler Straße 15",Donnerstag,2021-07-01,2021-06-30T16:59:40.278903Z
Alex Kristan - Heimvorteil,3134,Jahnturnhalle,"64521 Groß-Gerau, Jahnstraße",Donnerstag,2021-07-01,2021-06-30T16:59:40.278903Z
"Arielle, die kleine Meerjungfrau",3043,Jahnturnhalle,"64521 Groß-Gerau, Jahnstraße",Donnerstag,2021-07-01,2021-06-30T16:59:40.278903Z
Blockflötenconsort and Friends - Evviva la musica …,56,Kirche am Campus Bockenheim (im Studierendenhaus),"60325 Frankfurt am Main, Jügelstr. 1",Donnerstag,2021-07-01,2021-06-30T16:59:40.278903Z
Erzeugermarkt Konstablerwache,493,Erzeugermarkt Konstablerwache,"60313 Frankfurt am Main, Konstablerwache",Donnerstag,2021-07-01,2021-06-30T16:59:40.278903Z
Hafenkino Open Air: Und morgen die ganze Welt,234,Hafen 2,"63067 Offenbach, Nordring 129",Donnerstag,2021-07-01,2021-06-30T16:59:40.278903Z
Junge Choreografen VII,3067,Jahnturnhalle,"64521 Groß-Gerau, Jahnstraße",Donnerstag,2021-07-01,2021-06-30T16:59:40.278903Z
Kaisermarkt,429,Kaisermarkt,"60329 Frankfurt am Main, Kaiserstraße 81",Donnerstag,2021-07-01,2021-06-30T16:59:40.278903Z
SINNFLUT - Sommerlesung des sexyunderground,654,Literaturhaus Frankfurt,"60311 Frankfurt, Schöne Aussicht 2",Donnerstag,2021-07-01,2021-06-30T16:59:40.278903Z
Summer Vintage Kilo Pop Up Store,130,VinoKilo,60232 Frankfurt am Main,Donnerstag,2021-07-01,2021-06-30T16:59:40.278903Z
Club Picknick x Extrawelt [live],4182,Tanzhaus West/Dora Brilliant,"60327 Frankfurt am Main, Gutleutstraße 294",Freitag,2021-07-02,2021-06-30T16:59:42.883646Z
HipHop Biergarten,2919,Batschkapp,"60388 Frankfurt am Main, Gwinnerstraße 5",Freitag,2021-07-02,2021-06-30T16:59:42.883646Z
Indoor Reopening,2368,Bar Pracht,"60329 Frankfurt am Main, Niddastraße 54",Freitag,2021-07-02,2021-06-30T16:59:42.883646Z
Alma Frye,1876,Carl-Zuckmayer-Halle,"55299 Nackenheim, Lörzweiler Straße 15",Freitag,2021-07-02,2021-06-30T16:59:42.883646Z
Blond + Laura Lee & The Jettes + Wolf & Moon - …,6159,Jahrhunderthalle,"65929 Frankfurt am Main, Pfaffenwiese 301",Freitag,2021-07-02,2021-06-30T16:59:42.883646Z
Blumenmarkt Liebfrauenberg,429,Liebfrauenberg,"60313 Frankfurt am Main, Liebfrauenberg",Freitag,2021-07-02,2021-06-30T16:59:42.883646Z
Das Kriminal Dinner - Krimidinner für Jung und Alt,3113,Jahnturnhalle,"64521 Groß-Gerau, Jahnstraße",Freitag,2021-07-02,2021-06-30T16:59:42.883646Z
Ein Mensch Brennt nach dem gleichnamigen Roman von …,366,Freies Schauspiel Ensemble,"60487 Frankfurt am Main, Basaltstraße 23",Freitag,2021-07-02,2021-06-30T16:59:42.883646Z
Gallusmarkt,444,Gallusmarkt,"60326 Frankfurt am Main, Frankenallee 183",Freitag,2021-07-02,2021-06-30T16:59:42.883646Z
Hafenkino Open Air: Frühling in Paris (OmU),220,Hafen 2,"63067 Offenbach, Nordring 129",Freitag,2021-07-02,2021-06-30T16:59:42.883646Z
In Extremo,1328,Jahnturnhalle,"64521 Groß-Gerau, Jahnstraße",Freitag,2021-07-02,2021-06-30T16:59:42.883646Z
Jim Knopf und Lukas der Lokomotivführer,1582,Carl-Zuckmayer-Halle,"55299 Nackenheim, Lörzweiler Straße 15",Freitag,2021-07-02,2021-06-30T16:59:42.883646Z
"Konzert: Tim McMillan & Rachel Snow, Go! Go!! …",224,Hafen 2,"63067 Offenbach, Nordring 129",Freitag,2021-07-02,2021-06-30T16:59:42.883646Z
Revolverheld,1329,Jahnturnhalle,"64521 Groß-Gerau, Jahnstraße",Freitag,2021-07-02,2021-06-30T16:59:42.883646Z
Ronja Räubertochter,1337,Jahnturnhalle,"64521 Groß-Gerau, Jahnstraße",Freitag,2021-07-02,2021-06-30T16:59:42.883646Z
Sister Act,1344,Jahnturnhalle,"64521 Groß-Gerau, Jahnstraße",Freitag,2021-07-02,2021-06-30T16:59:42.883646Z
Summer Vintage Kilo Pop Up Store,108,VinoKilo,60232 Frankfurt am Main,Freitag,2021-07-02,2021-06-30T16:59:42.883646Z
Winterreise - F. Schubert,1401,Jahnturnhalle,"64521 Groß-Gerau, Jahnstraße",Freitag,2021-07-02,2021-06-30T16:59:42.883646Z
Wochenmarkt Sachsenhausen,392,Wochenmarkt Sachsenhausen,"60594 Frankfurt am Main, Diesterwegplatz 50",Freitag,2021-07-02,2021-06-30T16:59:42.883646Z
Wochenmarkt und Markthalle Höchst,565,Markthalle und Wochenmarkt Höchst,"65929 Frankfurt am Main, Höchster Markt 6",Freitag,2021-07-02,2021-06-30T16:59:42.883646Z
Club Picknick x THW Sommerfest,410,Tanzhaus West/Dora Brilliant,"60327 Frankfurt am Main, Gutleutstraße 294",Samstag,2021-07-03,2021-06-30T16:59:45.878136Z
Ohrwürmer Biergarten,2867,Batschkapp,"60388 Frankfurt am Main, Gwinnerstraße 5",Samstag,2021-07-03,2021-06-30T16:59:45.878136Z
Buffzack - Kultursommer 2021,1153,Hugenottenhalle,"63263 Neu-Isenburg, Frankfurter Straße 152",Samstag,2021-07-03,2021-06-30T16:59:45.878136Z
Die Abenteuer von Petterson und Findus - …,1413,Jahnturnhalle,"64521 Groß-Gerau, Jahnstraße",Samstag,2021-07-03,2021-06-30T16:59:45.878136Z
Die Akte Jedermann,1509,Carl-Zuckmayer-Halle,"55299 Nackenheim, Lörzweiler Straße 15",Samstag,2021-07-03,2021-06-30T16:59:45.878136Z
Die Fledermaus,1279,Carl-Zuckmayer-Halle,"55299 Nackenheim, Lörzweiler Straße 15",Samstag,2021-07-03,2021-06-30T16:59:45.878136Z
Ein Mensch Brennt nach dem gleichnamigen Roman von …,382,Freies Schauspiel Ensemble,"60487 Frankfurt am Main, Basaltstraße 23",Samstag,2021-07-03,2021-06-30T16:59:45.878136Z
Erzeugermarkt Konstablerwache,474,Erzeugermarkt Konstablerwache,"60313 Frankfurt am Main, Konstablerwache",Samstag,2021-07-03,2021-06-30T16:59:45.878136Z
Gernot Grünewald & Thomas Taube - UN/TRUE,476,Frankfurt LAB,"60326 Frankfurt am Main, Schmidtstraße 12",Samstag,2021-07-03,2021-06-30T16:59:45.878136Z
"Hafenkino Open Air: May, die dritte Frau (OmU)",217,Hafen 2,"63067 Offenbach, Nordring 129",Samstag,2021-07-03,2021-06-30T16:59:45.878136Z
Jim Knopf und Lukas der Lokomotivführer,1279,Carl-Zuckmayer-Halle,"55299 Nackenheim, Lörzweiler Straße 15",Samstag,2021-07-03,2021-06-30T16:59:45.878136Z
Konzert: Cisco Pema,215,Hafen 2,"63067 Offenbach, Nordring 129",Samstag,2021-07-03,2021-06-30T16:59:45.878136Z
Krimidinner - Hochzeit in Schwarz,1295,Carl-Zuckmayer-Halle,"55299 Nackenheim, Lörzweiler Straße 15",Samstag,2021-07-03,2021-06-30T16:59:45.878136Z
Latin Summer,179,Latin Palace Changó,"60311 Frankfurt, Münchener Straße 57",Samstag,2021-07-03,2021-06-30T16:59:45.878136Z
Ronja Räubertochter,1404,Jahnturnhalle,"64521 Groß-Gerau, Jahnstraße",Samstag,2021-07-03,2021-06-30T16:59:45.878136Z
Sister Act,1409,Jahnturnhalle,"64521 Groß-Gerau, Jahnstraße",Samstag,2021-07-03,2021-06-30T16:59:45.878136Z
Summer Vintage Kilo Pop Up Store,105,VinoKilo,60232 Frankfurt am Main,Samstag,2021-07-03,2021-06-30T16:59:45.878136Z
The Met Orchestra,1464,Jahnturnhalle,"64521 Groß-Gerau, Jahnstraße",Samstag,2021-07-03,2021-06-30T16:59:45.878136Z
Wochenmarkt Bornheim,471,Wochenmarkt Bornheim,"60385 Frankfurt am Main, Berger Straße 194",Samstag,2021-07-03,2021-06-30T16:59:45.878136Z
Wochenmarkt und Markthalle Höchst,590,Markthalle und Wochenmarkt Höchst,"65929 Frankfurt am Main, Höchster Markt 6",Samstag,2021-07-03,2021-06-30T16:59:45.878136Z
HELLA LUX,239,Künstlerhaus Mousonturm,"60316 Frankfurt am Main, Waldschmidtstraße 4",Sonntag,2021-07-04,2021-06-30T16:59:48.257698Z
Sunday Sundowner // Maya DJ,243,Yachtklub,"60594 Frankfurt am Main, Deutschherrnufer 12",Sonntag,2021-07-04,2021-06-30T16:59:48.257698Z
"Arielle, die kleine Meerjungfrau",1172,Jahnturnhalle,"64521 Groß-Gerau, Jahnstraße",Sonntag,2021-07-04,2021-06-30T16:59:48.257698Z
Baden-Baden-Gala,1246,Jahnturnhalle,"64521 Groß-Gerau, Jahnstraße",Sonntag,2021-07-04,2021-06-30T16:59:48.257698Z
Der Zauberer von Oz,1189,Jahnturnhalle,"64521 Groß-Gerau, Jahnstraße",Sonntag,2021-07-04,2021-06-30T16:59:48.257698Z
Die Abenteuer von Petterson und Findus - …,1190,Jahnturnhalle,"64521 Groß-Gerau, Jahnstraße",Sonntag,2021-07-04,2021-06-30T16:59:48.257698Z
Gernot Grünewald & Thomas Taube - UN/TRUE,449,Frankfurt LAB,"60326 Frankfurt am Main, Schmidtstraße 12",Sonntag,2021-07-04,2021-06-30T16:59:48.257698Z
Götz Alsmann - L.I.E.B.E.,1048,Carl-Zuckmayer-Halle,"55299 Nackenheim, Lörzweiler Straße 15",Sonntag,2021-07-04,2021-06-30T16:59:48.257698Z
Jim Knopf und Lukas der Lokomotivführer,1022,Carl-Zuckmayer-Halle,"55299 Nackenheim, Lörzweiler Straße 15",Sonntag,2021-07-04,2021-06-30T16:59:48.257698Z
"Konzert: Dives, Evelinn Trouble, La Fanfarria del …",189,Hafen 2,"63067 Offenbach, Nordring 129",Sonntag,2021-07-04,2021-06-30T16:59:48.257698Z
Online Tour Bunte Götter,441,Liebieghaus Skulpturensammlung,"60596 Frankfurt am Main, Schaumainkai 71",Sonntag,2021-07-04,2021-06-30T16:59:48.257698Z
Riesling Festival,2342,Jahrhunderthalle Sommerwiese,"65929 Frankfurt am Main, Pfaffenwiese 301",Sonntag,2021-07-04,2021-06-30T16:59:48.257698Z
Riesling Festival - Sommerwiese Jahrhunderthalle,258,Jahrhunderthalle,"65929 Frankfurt am Main, Pfaffenwiese 301",Sonntag,2021-07-04,2021-06-30T16:59:48.257698Z
Ronja Räubertochter,1186,Jahnturnhalle,"64521 Groß-Gerau, Jahnstraße",Sonntag,2021-07-04,2021-06-30T16:59:48.257698Z
Sappy Sliver,632,Batschkapp,"60388 Frankfurt am Main, Gwinnerstraße 5",Sonntag,2021-07-04,2021-06-30T16:59:48.257698Z
Sister Act,1191,Jahnturnhalle,"64521 Groß-Gerau, Jahnstraße",Sonntag,2021-07-04,2021-06-30T16:59:48.257698Z
"So., 04.07., 19 Uhr: Impossible Dream - Großes …",51,Evangelische Wartburggemeinde,"60389 Frankfurt am Main, Hartmann-Ibach-Straße 108",Sonntag,2021-07-04,2021-06-30T16:59:48.257698Z
Traumzeit,1039,Carl-Zuckmayer-Halle,"55299 Nackenheim, Lörzweiler Straße 15",Sonntag,2021-07-04,2021-06-30T08:36:15.699767Z
Yoga,84,Yachtklub,"60594 Frankfurt am Main, Deutschherrnufer 12",Sonntag,2021-07-04,2021-06-30T08:36:15.699767Z
Stefan Aust - Zeitreise,582,Literaturhaus Frankfurt,"60311 Frankfurt, Schöne Aussicht 2",Montag,2021-07-05,2021-06-30T16:59:49.960410Z
Besuchszeit von Felix Mitterer,1070,Carl-Zuckmayer-Halle,"55299 Nackenheim, Lörzweiler Straße 15",Dienstag,2021-07-06,2021-06-30T16:59:51.544426Z
Stoned Immaculate,455,Batschkapp,"60388 Frankfurt am Main, Gwinnerstraße 5",Dienstag,2021-07-06,2021-06-30T16:59:51.544426Z
Tom Jones - Open Air,1050,Carl-Zuckmayer-Halle,"55299 Nackenheim, Lörzweiler Straße 15",Dienstag,2021-07-06,2021-06-30T16:59:51.544426Z
Wochenmarkt Sachsenhausen,314,Wochenmarkt Sachsenhausen,"60594 Frankfurt am Main, Diesterwegplatz 50",Dienstag,2021-07-06,2021-06-30T16:59:51.544426Z
Wochenmarkt und Markthalle Höchst,378,Markthalle und Wochenmarkt Höchst,"65929 Frankfurt am Main, Höchster Markt 6",Dienstag,2021-07-06,2021-06-30T16:59:51.544426Z
"Arielle, die kleine Meerjungfrau",1209,Jahnturnhalle,"64521 Groß-Gerau, Jahnstraße",Mittwoch,2021-07-07,2021-06-30T16:59:53.269501Z
Besuchszeit von Felix Mitterer,1103,Carl-Zuckmayer-Halle,"55299 Nackenheim, Lörzweiler Straße 15",Mittwoch,2021-07-07,2021-06-30T16:59:53.269501Z
Der Zauberer von Oz,1234,Jahnturnhalle,"64521 Groß-Gerau, Jahnstraße",Mittwoch,2021-07-07,2021-06-30T16:59:53.269501Z
Die Abenteuer von Petterson und Findus - …,1238,Jahnturnhalle,"64521 Groß-Gerau, Jahnstraße",Mittwoch,2021-07-07,2021-06-30T16:59:53.269501Z
Die Akte Jedermann,1108,Carl-Zuckmayer-Halle,"55299 Nackenheim, Lörzweiler Straße 15",Mittwoch,2021-07-07,2021-06-30T16:59:53.269501Z
Juiläums-3-Gang Menü-Package Gutschein,7015,Tigerpalast Varieté Theater,"60313 Frankfurt am Main, Heiligkreuzgasse 16",Mittwoch,2021-07-07,2021-06-30T16:59:53.269501Z
Jubiläums-Package 3-Gang Gutschein,5960,Tigerpalast Varieté Theater,"60313 Frankfurt am Main, Heiligkreuzgasse 16",Mittwoch,2021-07-07,2021-06-30T16:59:53.269501Z
Jubiläums-Package 4-Gang Gutschein,5932,Tigerpalast Varieté Theater,"60313 Frankfurt am Main, Heiligkreuzgasse 16",Mittwoch,2021-07-07,2021-06-30T16:59:53.269501Z
Kennenlernen in Frankfurt mal anders - Socialmatch,160,PLAZZ - Café am Kirchplatz,"60487 Frankfurt am Main, Kirchplatz 8",Mittwoch,2021-07-07,2021-06-30T16:59:53.269501Z
Klaus Eckel - Ich werde das Gefühl nicht los,1097,Carl-Zuckmayer-Halle,"55299 Nackenheim, Lörzweiler Straße 15",Mittwoch,2021-07-07,2021-06-30T16:59:53.269501Z
L´Aupaire - Brotfabrik Sommerwiese,6118,Jahrhunderthalle,"65929 Frankfurt am Main, Pfaffenwiese 301",Mittwoch,2021-07-07,2021-06-30T16:59:53.269501Z
Löwen Frankfurt,434,Löwen Frankfurt,"60386 Frankfurt am Main, Am Bornheimer Hang 4",Mittwoch,2021-07-07,2021-06-30T16:59:53.269501Z
Martinsvierteler Markt,530,Riegerplatz,64289 Darmstadt,Mittwoch,2021-07-07,2021-06-30T16:59:53.269501Z
Mate Power,70,Batschkapp,"60388 Frankfurt am Main, Gwinnerstraße 5",Mittwoch,2021-07-07,2021-06-30T16:59:53.269501Z
Online Tour Bunte Götter,348,Liebieghaus Skulpturensammlung,"60596 Frankfurt am Main, Schaumainkai 71",Mittwoch,2021-07-07,2021-06-30T16:59:53.269501Z
Sasha,1104,Carl-Zuckmayer-Halle,"55299 Nackenheim, Lörzweiler Straße 15",Mittwoch,2021-07-07,2021-06-30T16:59:53.269501Z
Sting - My Songs Tour,1089,Carl-Zuckmayer-Halle,"55299 Nackenheim, Lörzweiler Straße 15",Mittwoch,2021-07-07,2021-06-30T16:59:53.269501Z
Wochenmarkt Bornheim,339,Wochenmarkt Bornheim,"60385 Frankfurt am Main, Berger Straße 194",Mittwoch,2021-07-07,2021-06-30T16:59:53.269501Z
Wochenmarkt Rödelheim,428,Wochenmarkt Rödelheim,"60489 Frankfurt am Main, Arthur-Stern-Platz",Mittwoch,2021-07-07,2021-06-30T16:59:53.269501Z
Über Rechte schreiben? Wie kann Literatur dem …,238,Goethe Universität,"60323 Frankfurt am Main, Grüneburgplatz 1",Donnerstag,2021-07-08,2021-06-30T16:59:55.132112Z
Die Akte Jedermann,1013,Carl-Zuckmayer-Halle,"55299 Nackenheim, Lörzweiler Straße 15",Donnerstag,2021-07-08,2021-06-30T16:59:55.132112Z
Erzeugermarkt Konstablerwache,301,Erzeugermarkt Konstablerwache,"60313 Frankfurt am Main, Konstablerwache",Donnerstag,2021-07-08,2021-06-30T16:59:55.132112Z
Frankfurts größtes Speed Dating Event,203,25Hours Hotel Frankfurt The Goldman,"60314 Frankfurt am Main, Hanauer Landstraße 127",Donnerstag,2021-07-08,2021-06-30T16:59:55.132112Z
Hafenkino Open Air: Matthias & Maxime (OmU),22,Hafen 2,"63067 Offenbach, Nordring 129",Donnerstag,2021-07-08,2021-06-30T16:59:55.132112Z
Kaisermarkt,286,Kaisermarkt,"60329 Frankfurt am Main, Kaiserstraße 81",Donnerstag,2021-07-08,2021-06-30T16:59:55.132112Z
Liedfett - Frankfurt - Brotfabrik Sommerwiese,226,Jahrhunderthalle,"65929 Frankfurt am Main, Pfaffenwiese 301",Donnerstag,2021-07-08,2021-06-30T16:59:55.132112Z
Mikael Ross - Goldjunge,495,Literaturhaus Frankfurt,"60311 Frankfurt, Schöne Aussicht 2",Donnerstag,2021-07-08,2021-06-30T16:59:55.132112Z
Yasmeen Godder - Practicing Empathy 2by2,132,Lokal im Mousonturm,"60316 Frankfurt am Main, Waldschmidtstraße 4",Donnerstag,2021-07-08,2021-06-30T16:59:55.132112Z
Yasmeen Godder - Practicing Empathy #3,184,Mousonturm Saal,"60316 Frankfurt am Main, Waldschmidtstraße 4",Donnerstag,2021-07-08,2021-06-30T16:59:55.132112Z
Sommerlachen in Flörsheim (Regionalpark),,65439 Flörsheim,"",Sonntag,2021-07-04,2021-06-30T16:59:48.257698Z
1.047 Ansichten,,"55299 Nackenheim, Lörzweiler Straße 15","",Sonntag,2021-07-04,2021-06-30T16:59:48.257698Z
111 Ansichten,,"60594 Frankfurt am Main, Deutschherrnufer 12","",Sonntag,2021-07-04,2021-06-30T16:59:48.257698Z
