eventtitle;views;place;address;eventday;eventdate;request
Frankfurt Coffee Festival 2021;131422;Union Halle;60314 Frankfurt am Main, Hanauer Landstraße 188;Freitag;2021-10-01;2021-10-01T08:36:26.446514Z
Katermukke Mini Micro Festival I;3111;Tanzhaus West/Dora Brilliant;60327 Frankfurt am Main, Gutleutstraße 294;Freitag;2021-10-01;2021-10-01T08:36:26.446514Z
Seewiesn Oktoberfest - O'zapft is: Alpenfuzzis Live;800;Wirtshaus am See;63796 Kahl, Emmerichshofen 3;Freitag;2021-10-01;2021-10-01T08:36:26.446514Z
alles 90er&00er Show;1167;Batschkapp;60388 Frankfurt am Main, Gwinnerstraße 5;Freitag;2021-10-01;2021-10-01T08:36:26.446514Z
Batschkapp Sommergarten!;2258;Batschkapp;60388 Frankfurt am Main, Gwinnerstraße 5;Freitag;2021-10-01;2021-10-01T08:36:26.446514Z
Blumenmarkt Liebfrauenberg;1132;Liebfrauenberg;60313 Frankfurt am Main, Liebfrauenberg;Freitag;2021-10-01;2021-10-01T08:36:26.446514Z
Deutscher Buchpreis 2021 - Die Autorinnen und Autoren …;1403;Literaturhaus Frankfurt;60311 Frankfurt, Schöne Aussicht 2;Freitag;2021-10-01;2021-10-01T08:36:26.446514Z
FACE - FRATZ Album Release Party;1128;Batschkapp;60388 Frankfurt am Main, Gwinnerstraße 5;Freitag;2021-10-01;2021-10-01T08:36:26.446514Z
Gallusmarkt;1249;Gallusmarkt;60326 Frankfurt am Main, Frankenallee 183;Freitag;2021-10-01;2021-10-01T08:36:26.446514Z
Heiner Herbstvergnügen auf dem Messeplatz;1156;Darmstadt Messplatz;64289 Darmstadt, Marburgerstraße;Freitag;2021-10-01;2021-10-01T08:36:26.446514Z
hr-Sinfoniekonzert | Pastorale;1646;Alte Oper | Großer Saal;60313 Frankfurt am Main, Opernplatz 1;Freitag;2021-10-01;2021-10-01T08:36:26.446514Z
Jo van Nelsen & Bernd Schmidt - Ich bin so wild nach …;1014;Romanfabrik;60314 Frankfurt am Main, Hanauer Landstraße 186;Freitag;2021-10-01;2021-10-01T08:36:26.446514Z
Just #1 supported by Fitseveneleven;869;Gibson Club;60313 Frankfurt am Main, Zeil 77;Freitag;2021-10-01;2021-10-01T08:36:26.446514Z
K5 Chaconne;997;Johanniskirche;61476 Kronberg;Freitag;2021-10-01;2021-10-01T08:36:26.446514Z
K7 Im Traume;1488;Burg Kronberg;61476 Kronberg, Schlossstraße 10-12;Freitag;2021-10-01;2021-10-01T08:36:26.446514Z
Klassisches BrauErlebnis;1174;Glaabsbräu GmbH & Co. KG;63500 Seligenstadt, Frankfurter Straße 9;Freitag;2021-10-01;2021-10-01T08:36:26.446514Z
Kolektif Istanbul;713;Hafen 2;63067 Offenbach, Nordring 129;Freitag;2021-10-01;2021-10-01T08:36:26.446514Z
Liza Kos - Intrigatiion;4305;Jahnturnhalle;64521 Groß-Gerau, Jahnstraße;Freitag;2021-10-01;2021-10-01T08:36:26.446514Z
Mudhoney;3329;Carl-Zuckmayer-Halle;55299 Nackenheim, Lörzweiler Straße 15;Freitag;2021-10-01;2021-10-01T08:36:26.446514Z
Oktoberfest - Bayrische Gemütlichkeit;2067;Primus-Linie;60311 Frankfurt, Mainkai 36;Freitag;2021-10-01;2021-10-01T08:36:26.446514Z
Psycho Village - Unstoppable Tour;2025;SCHANZ;63165 Mühlheim, Carl-Zeiss-Straße 6;Freitag;2021-10-01;2021-10-01T08:36:26.446514Z
Sebastian 23 - Cogito, ergo dumm;1764;Die Käs;60316 Frankfurt am Main, Waldschmidtstr. 19;Freitag;2021-10-01;2021-10-01T08:36:26.446514Z
Sissi Perlinger - „Die Perlingerin - Worum es …;992;Bürgerhaus Hausen;63179 Obertshausen, Tempelhoferstraße 10;Freitag;2021-10-01;2021-10-01T08:36:26.446514Z
Ulisses Online Con 2021;7343;Ulisses Medien & Spiel Distribution GmbH;65529 Waldems, Industriestraße 11;Freitag;2021-10-01;2021-10-01T08:36:26.446514Z
Urban Friday;2032;Cooky's;60311 Frankfurt, Am Salzhaus 4;Freitag;2021-10-01;2021-10-01T08:36:26.446514Z
Urban Priol - Im Fluss;3211;Carl-Zuckmayer-Halle;55299 Nackenheim, Lörzweiler Straße 15;Freitag;2021-10-01;2021-10-01T08:36:26.446514Z
Velvet-Bar-Night;2338;Velvet Club;60311 Frankfurt, Weißfrauenstraße 12-16;Freitag;2021-10-01;2021-10-01T08:36:26.446514Z
Wer kocht, schießt nicht - Eine Koch-Satire von …;1362;Stalburg Theater;60318 Frankfurt am Main, Glauburgstraße 80;Freitag;2021-10-01;2021-10-01T08:36:26.446514Z
Wochenmarkt Sachsenhausen;1241;Wochenmarkt Sachsenhausen;60594 Frankfurt am Main, Diesterwegplatz 50;Freitag;2021-10-01;2021-10-01T08:36:26.446514Z
Wochenmarkt und Markthalle Höchst;1352;Markthalle und Wochenmarkt Höchst;65929 Frankfurt am Main, Höchster Markt 6;Freitag;2021-10-01;2021-10-01T08:36:26.446514Z
Yves Macak: R-zieher - Echt jetzt?!;4294;Jahnturnhalle;64521 Groß-Gerau, Jahnstraße;Freitag;2021-10-01;2021-10-01T08:36:26.446514Z
Frankfurt Coffee Festival 2021;121115;Union Halle;60314 Frankfurt am Main, Hanauer Landstraße 188;Samstag;2021-10-02;2021-10-01T08:36:27.993025Z
Notorious;3498;Cooky's;60311 Frankfurt, Am Salzhaus 4;Samstag;2021-10-02;2021-10-01T08:36:27.993025Z
Seewiesn Oktoberfest - Seewiesn´Gaudi: Alpenfuzzis Live;548;Wirtshaus am See;63796 Kahl, Emmerichshofen 3;Samstag;2021-10-02;2021-10-01T08:36:27.993025Z
Achtung Baby - U2 -Tributeband;3242;Carl-Zuckmayer-Halle;55299 Nackenheim, Lörzweiler Straße 15;Samstag;2021-10-02;2021-10-01T08:36:27.993025Z
Amigos & Stargast Daniela Alfinito - Für unsere …;4214;Jahnturnhalle;64521 Groß-Gerau, Jahnstraße;Samstag;2021-10-02;2021-10-01T08:36:27.993025Z
Batschkapp Opening Party;957;Batschkapp;60388 Frankfurt am Main, Gwinnerstraße 5;Samstag;2021-10-02;2021-10-01T08:36:27.993025Z
Batschkapp Sommergarten;2030;Batschkapp;60388 Frankfurt am Main, Gwinnerstraße 5;Samstag;2021-10-02;2021-10-01T08:36:27.993025Z
Crew Love;429;Adlib;60314 Frankfurt am Main, Schwedler Straße 8;Samstag;2021-10-02;2021-10-01T08:36:27.993025Z
Die A Cappella-Nacht;3731;Jahnturnhalle;64521 Groß-Gerau, Jahnstraße;Samstag;2021-10-02;2021-10-01T08:36:27.993025Z
Die Frank Schöbel Story;3050;Carl-Zuckmayer-Halle;55299 Nackenheim, Lörzweiler Straße 15;Samstag;2021-10-02;2021-10-01T08:36:27.993025Z
Erzeugermarkt Konstablerwache;1009;Erzeugermarkt Konstablerwache;60313 Frankfurt am Main, Konstablerwache;Samstag;2021-10-02;2021-10-01T08:36:27.993025Z
Eva Klesse Quartett - Creatures & States;814;Romanfabrik;60314 Frankfurt am Main, Hanauer Landstraße 186;Samstag;2021-10-02;2021-10-01T08:36:27.993025Z
FREILUFT Markt;2215;Börsenplatz;60313 Frankfurt am Main, Börsenplatz;Samstag;2021-10-02;2021-10-01T08:36:27.993025Z
Garden of Delight - Celtic Party;951;SCHANZ;63165 Mühlheim, Carl-Zeiss-Straße 6;Samstag;2021-10-02;2021-10-01T08:36:27.993025Z
Gernot Voltz - Pleiten, Pech & Populisten;1572;Die Käs;60316 Frankfurt am Main, Waldschmidtstr. 19;Samstag;2021-10-02;2021-10-01T08:36:27.993025Z
Gibson Loves Saturdays;1766;Gibson Club;60313 Frankfurt am Main, Zeil 77;Samstag;2021-10-02;2021-10-01T08:36:27.993025Z
Hafenkino: Toubab;475;Hafen 2;63067 Offenbach, Nordring 129;Samstag;2021-10-02;2021-10-01T08:36:27.993025Z
Heiner Herbstvergnügen auf dem Messeplatz;913;Darmstadt Messplatz;64289 Darmstadt, Marburgerstraße;Samstag;2021-10-02;2021-10-01T08:36:27.993025Z
K11 Janoska Style;1426;Burg Kronberg;61476 Kronberg, Schlossstraße 10-12;Samstag;2021-10-02;2021-10-01T08:36:27.993025Z
K8 Perfect Storm;829;Johanniskirche;61476 Kronberg;Samstag;2021-10-02;2021-10-01T08:36:27.993025Z
Katermukke Mini Micro Festival II;792;Tanzhaus West/Dora Brilliant;60327 Frankfurt am Main, Gutleutstraße 294;Samstag;2021-10-02;2021-10-01T08:36:27.993025Z
Klassisches BrauErlebnis;1045;Glaabsbräu GmbH & Co. KG;63500 Seligenstadt, Frankfurter Straße 9;Samstag;2021-10-02;2021-10-01T08:36:27.993025Z
Latin Summer;2159;Latin Palace Changó;60311 Frankfurt, Münchener Straße 57;Samstag;2021-10-02;2021-10-01T08:36:27.993025Z
Oktoberfest - Bayrische Gemütlichkeit;1678;Primus-Linie;60311 Frankfurt, Mainkai 36;Samstag;2021-10-02;2021-10-01T08:36:27.993025Z
Rapunzel-Report - Stefani Kunkel;1042;Stalburg Theater;60318 Frankfurt am Main, Glauburgstraße 80;Samstag;2021-10-02;2021-10-01T08:36:27.993025Z
Schlager Dinnershow Unforgettable;2728;Jahnturnhalle;64521 Groß-Gerau, Jahnstraße;Samstag;2021-10-02;2021-10-01T08:36:27.993025Z
Skylight-Tour;1963;Primus-Linie;60311 Frankfurt, Mainkai 36;Samstag;2021-10-02;2021-10-01T08:36:27.993025Z
Studenten-Sinfonieorchester Marburg - Von Wien nach …;1007;Amphitheater;63454 Hanau, Philippsruher Allee 48;Samstag;2021-10-02;2021-10-01T08:36:27.993025Z
The Dust Coda;457;Batschkapp;60388 Frankfurt am Main, Gwinnerstraße 5;Samstag;2021-10-02;2021-10-01T08:36:27.993025Z
The Schick Sisters - Close Together;3386;Jahnturnhalle;64521 Groß-Gerau, Jahnstraße;Samstag;2021-10-02;2021-10-01T08:36:27.993025Z
Ulisses Online Con 2021;4126;Ulisses Medien & Spiel Distribution GmbH;65529 Waldems, Industriestraße 11;Samstag;2021-10-02;2021-10-01T08:36:27.993025Z
Velvet-Bar-Night;1272;Velvet Club;60311 Frankfurt, Weißfrauenstraße 12-16;Samstag;2021-10-02;2021-10-01T08:36:27.993025Z
Wochenmarkt Bornheim;951;Wochenmarkt Bornheim;60385 Frankfurt am Main, Berger Straße 194;Samstag;2021-10-02;2021-10-01T08:36:27.993025Z
Wochenmarkt und Markthalle Höchst;1126;Markthalle und Wochenmarkt Höchst;65929 Frankfurt am Main, Höchster Markt 6;Samstag;2021-10-02;2021-10-01T08:36:27.993025Z
Frankfurt Coffee Festival 2021;111389;Union Halle;60314 Frankfurt am Main, Hanauer Landstraße 188;Sonntag;2021-10-03;2021-10-01T08:36:29.542728Z
Familien Seewiesn-Hühnerberg Quintett Holtrio Live;182;Wirtshaus am See;63796 Kahl, Emmerichshofen 3;Sonntag;2021-10-03;2021-10-01T08:36:29.542728Z
The Mystery Of Banksy - A Genius Mind;242432;Isarforum Deutsches Museum;80538 München, Ludwigsbrücke;Sonntag;2021-10-03;2021-10-01T08:36:29.542728Z
Bibi Blocksberg - Alles wie verhext! - Das Musical;1733;Jahnturnhalle;64521 Groß-Gerau, Jahnstraße;Sonntag;2021-10-03;2021-10-01T08:36:29.542728Z
Camera;161;Batschkapp;60388 Frankfurt am Main, Gwinnerstraße 5;Sonntag;2021-10-03;2021-10-01T08:36:29.542728Z
FRAPORT SKYLINERS - EWE Baskets Oldenburg …;1108;Fraport Arena;65929 Frankfurt am Main, Silostraße 46;Sonntag;2021-10-03;2021-10-01T08:36:29.542728Z
Heiner Herbstvergnügen auf dem Messeplatz;538;Darmstadt Messplatz;64289 Darmstadt, Marburgerstraße;Sonntag;2021-10-03;2021-10-01T08:36:29.542728Z
K13 Ausgezeichnet!;776;Kath. Kirche St. Peter und Paul;61476 Kronberg, Katharinenstraße 5;Sonntag;2021-10-03;2021-10-01T08:36:29.542728Z
Kammermusik | Romantik à la russe;1287;Großer Sendesaal des hessischen Rundfunks;60320 Frankfurt am Main, Bertramstraße 8;Sonntag;2021-10-03;2021-10-01T08:36:29.542728Z
Konzert: Mnevis;258;Hafen 2;63067 Offenbach, Nordring 129;Sonntag;2021-10-03;2021-10-01T08:36:29.542728Z
Max Barskih;5921;Stadthalle Offenbach;63071 Offenbach, Waldstraße 312;Sonntag;2021-10-03;2021-10-01T08:36:29.542728Z
Online Tour Bunte Götter;541;Liebieghaus Skulpturensammlung;60596 Frankfurt am Main, Schaumainkai 71;Sonntag;2021-10-03;2021-10-01T08:36:29.542728Z
Profiler Suzanne Grieger-Langer - Deppen-Detox-Tour;1853;Carl-Zuckmayer-Halle;55299 Nackenheim, Lörzweiler Straße 15;Sonntag;2021-10-03;2021-10-01T08:36:29.542728Z
Ulisses Online Con 2021;3084;Ulisses Medien & Spiel Distribution GmbH;65529 Waldems, Industriestraße 11;Sonntag;2021-10-03;2021-10-01T08:36:29.542728Z
Von der Weltbedeutung des Operndaseins - Ein …;542;Literaturhaus Frankfurt;60311 Frankfurt, Schöne Aussicht 2;Sonntag;2021-10-03;2021-10-01T08:36:29.542728Z
Yoga;1242;Yachtklub;60594 Frankfurt am Main, Deutschherrnufer 12;Sonntag;2021-10-03;2021-10-01T08:36:29.542728Z
Fashion Now Days;779;Häuser der Mode;65760 Eschborn, Kölner Straße 1;Montag;2021-10-04;2021-10-01T08:36:31.020298Z
Angelika Klüssendorf - Vierunddreißigster September;820;Literaturhaus Frankfurt;60311 Frankfurt, Schöne Aussicht 2;Montag;2021-10-04;2021-10-01T08:36:31.020298Z
Heiner Herbstvergnügen auf dem Messeplatz;507;Darmstadt Messplatz;64289 Darmstadt, Marburgerstraße;Montag;2021-10-04;2021-10-01T08:36:31.020298Z
Kazy Lambist - Frankfurt - Zoom;277;Zoom Club;60313 Frankfurt am Main, Brönnerstraße 5-9;Montag;2021-10-04;2021-10-01T08:36:31.020298Z
Lucas Filmfestival: Nelly Rapp;225;Hafen 2;63067 Offenbach, Nordring 129;Montag;2021-10-04;2021-10-01T08:36:31.020298Z
Lucas Filmfestival: Shija the Rebel Fairy;228;Hafen 2;63067 Offenbach, Nordring 129;Montag;2021-10-04;2021-10-01T08:36:31.020298Z
Monday Mood;1499;Velvet Club;60311 Frankfurt, Weißfrauenstraße 12-16;Montag;2021-10-04;2021-10-01T08:36:31.020298Z
Profiler Suzanne Grieger-Langer - Deppen-Detox-Tour;1521;Carl-Zuckmayer-Halle;55299 Nackenheim, Lörzweiler Straße 15;Montag;2021-10-04;2021-10-01T08:36:31.020298Z
Robert Jon and the Wreck;108;Batschkapp;60388 Frankfurt am Main, Gwinnerstraße 5;Montag;2021-10-04;2021-10-01T08:36:31.020298Z
Vernon Subutex Vol. II;534;Stalburg Theater;60318 Frankfurt am Main, Glauburgstraße 80;Montag;2021-10-04;2021-10-01T08:36:31.020298Z
Company Kart Cup;3414;No Limit;60433 Frankfurt am Main, August-Schanz-Straße 31a;Dienstag;2021-10-05;2021-10-01T08:36:32.648910Z
Lucas Filmfestival: Even Mice Belong in Heaven;519;Hafen 2;63067 Offenbach, Nordring 129;Dienstag;2021-10-05;2021-10-01T08:36:32.648910Z
Battery Experts Forum;1175;Messe Frankfurt;60327 Frankfurt am Main, Ludwig-Erhard-Anlage 1;Dienstag;2021-10-05;2021-10-01T08:36:32.648910Z
Daniela Danz & Falk Zenker - Wildniß – Lesekonzert;407;Romanfabrik;60314 Frankfurt am Main, Hanauer Landstraße 186;Dienstag;2021-10-05;2021-10-01T08:36:32.648910Z
Fashion Now Days;203;Häuser der Mode;65760 Eschborn, Kölner Straße 1;Dienstag;2021-10-05;2021-10-01T08:36:32.648910Z
Heiner Herbstvergnügen auf dem Messeplatz;389;Darmstadt Messplatz;64289 Darmstadt, Marburgerstraße;Dienstag;2021-10-05;2021-10-01T08:36:32.648910Z
Josh Rouse + Vetiver - An evening with two troubadours;3592;Brotfabrik;60488 Frankfurt am Main, Bachmannstraße 2-4;Dienstag;2021-10-05;2021-10-01T08:36:32.648910Z
Klassisches BrauErlebnis;590;Glaabsbräu GmbH & Co. KG;63500 Seligenstadt, Frankfurter Straße 9;Dienstag;2021-10-05;2021-10-01T08:36:32.648910Z
Lucas Filmfestival: Mica;147;Hafen 2;63067 Offenbach, Nordring 129;Dienstag;2021-10-05;2021-10-01T08:36:32.648910Z
Monsieur Brezelberger - Wunder, Wahnsinn, Weltniveau;1056;Die Käs;60316 Frankfurt am Main, Waldschmidtstr. 19;Dienstag;2021-10-05;2021-10-01T08:36:32.648910Z
Profiler Suzanne Grieger-Langer - Deppen-Detox-Tour;1332;Carl-Zuckmayer-Halle;55299 Nackenheim, Lörzweiler Straße 15;Dienstag;2021-10-05;2021-10-01T08:36:32.648910Z
Vernon Subutex Vol. II;571;Stalburg Theater;60318 Frankfurt am Main, Glauburgstraße 80;Dienstag;2021-10-05;2021-10-01T08:36:32.648910Z
Wochenmarkt Sachsenhausen;583;Wochenmarkt Sachsenhausen;60594 Frankfurt am Main, Diesterwegplatz 50;Dienstag;2021-10-05;2021-10-01T08:36:32.648910Z
Wochenmarkt und Markthalle Höchst;560;Markthalle und Wochenmarkt Höchst;65929 Frankfurt am Main, Höchster Markt 6;Dienstag;2021-10-05;2021-10-01T08:36:32.648910Z
Blick nach vorn: eps ARENA SUMMIT;816;Deutsche Bank Park;60528 Frankfurt am Main, Mörfelder Lanstraße 362;Mittwoch;2021-10-06;2021-10-01T08:36:34.310288Z
Wednesday Vibes;1544;Velvet Club;60311 Frankfurt, Weißfrauenstraße 12-16;Mittwoch;2021-10-06;2021-10-01T08:36:34.310288Z
3. Jobmesse Frankfurt;22532;Jahrhunderthalle;65929 Frankfurt am Main, Pfaffenwiese 301;Mittwoch;2021-10-06;2021-10-01T08:36:34.310288Z
Alex Stolze (Bodi Bill);71;Batschkapp;60388 Frankfurt am Main, Gwinnerstraße 5;Mittwoch;2021-10-06;2021-10-01T08:36:34.310288Z
Battery Experts Forum;1065;Messe Frankfurt;60327 Frankfurt am Main, Ludwig-Erhard-Anlage 1;Mittwoch;2021-10-06;2021-10-01T08:36:34.310288Z
Bodo Kirchhoff - Bericht zur Lage des Glücks;660;Literaturhaus Frankfurt;60311 Frankfurt, Schöne Aussicht 2;Mittwoch;2021-10-06;2021-10-01T08:36:34.310288Z
Fashion Now Days;105;Häuser der Mode;65760 Eschborn, Kölner Straße 1;Mittwoch;2021-10-06;2021-10-01T08:36:34.310288Z
Frankfurts größtes Speed Dating;494;H'ugo's Frankfurt;60311 Frankfurt, Neue Rothofstrasse 21;Mittwoch;2021-10-06;2021-10-01T08:36:34.310288Z
Heiner Herbstvergnügen auf dem Messeplatz;174;Darmstadt Messplatz;64289 Darmstadt, Marburgerstraße;Mittwoch;2021-10-06;2021-10-01T08:36:34.310288Z
Klassisches BrauErlebnis;243;Glaabsbräu GmbH & Co. KG;63500 Seligenstadt, Frankfurter Straße 9;Mittwoch;2021-10-06;2021-10-01T08:36:34.310288Z
Lisa Fitz - Dauerbrenner - Das große Jubiläumsprogramm;1456;Jahnturnhalle;64521 Groß-Gerau, Jahnstraße;Mittwoch;2021-10-06;2021-10-01T08:36:34.310288Z
LIVE x WORAKLS;426;Tanzhaus West/Dora Brilliant;60327 Frankfurt am Main, Gutleutstraße 294;Mittwoch;2021-10-06;2021-10-01T08:36:34.310288Z
Löwen Frankfurt;413;Löwen Frankfurt;60386 Frankfurt am Main, Am Bornheimer Hang 4;Mittwoch;2021-10-06;2021-10-01T08:36:34.310288Z
Lucas Filmfestival: Beans;55;Hafen 2;63067 Offenbach, Nordring 129;Mittwoch;2021-10-06;2021-10-01T08:36:34.310288Z
Martinsvierteler Markt;612;Riegerplatz;64289 Darmstadt;Mittwoch;2021-10-06;2021-10-01T08:36:34.310288Z
Mathias Tretter: Sittenstrolch;371;Stalburg Theater;60318 Frankfurt am Main, Glauburgstraße 80;Mittwoch;2021-10-06;2021-10-01T08:36:34.310288Z
Online Tour Bunte Götter;361;Liebieghaus Skulpturensammlung;60596 Frankfurt am Main, Schaumainkai 71;Mittwoch;2021-10-06;2021-10-01T08:36:34.310288Z
Wochenmarkt Bornheim;422;Wochenmarkt Bornheim;60385 Frankfurt am Main, Berger Straße 194;Mittwoch;2021-10-06;2021-10-01T08:36:34.310288Z
Wochenmarkt Rödelheim;446;Wochenmarkt Rödelheim;60489 Frankfurt am Main, Arthur-Stern-Platz;Mittwoch;2021-10-06;2021-10-01T08:36:34.310288Z
Studienplatzbörse 👩‍🎓 @ BA Rhein-Main 🌆;1913;BA Rhein-Main;63322 Rödermark, Am Schwimmbad 3;Donnerstag;2021-10-07;2021-10-01T08:36:35.851530Z
Addnfahrer - S' Lem is koa Nudlsubbn;1521;Jahnturnhalle;64521 Groß-Gerau, Jahnstraße;Donnerstag;2021-10-07;2021-10-01T08:36:35.851530Z
Barbara Balldini - g'hörig durchgeknallt;1467;Jahnturnhalle;64521 Groß-Gerau, Jahnstraße;Donnerstag;2021-10-07;2021-10-01T08:36:35.851530Z
Barock+ | Haydn & Bach;583;Großer Sendesaal des hessischen Rundfunks;60320 Frankfurt am Main, Bertramstraße 8;Donnerstag;2021-10-07;2021-10-01T08:36:35.851530Z
Battery Experts Forum;963;Messe Frankfurt;60327 Frankfurt am Main, Ludwig-Erhard-Anlage 1;Donnerstag;2021-10-07;2021-10-01T08:36:35.851530Z
Blick nach vorn: eps ARENA SUMMIT;133;Deutsche Bank Park;60528 Frankfurt am Main, Mörfelder Lanstraße 362;Donnerstag;2021-10-07;2021-10-01T08:36:35.851530Z
Dr. Jan-Uwe Rogge;1325;Carl-Zuckmayer-Halle;55299 Nackenheim, Lörzweiler Straße 15;Donnerstag;2021-10-07;2021-10-01T08:36:35.851530Z
Dui do on de Sell - ..und du lach´sch halt!;1946;Hugenottenhalle;63263 Neu-Isenburg, Frankfurter Straße 152;Donnerstag;2021-10-07;2021-10-01T08:36:35.851530Z
Erzeugermarkt Konstablerwache;524;Erzeugermarkt Konstablerwache;60313 Frankfurt am Main, Konstablerwache;Donnerstag;2021-10-07;2021-10-01T08:36:35.851530Z
Fashion Now Days;105;Häuser der Mode;65760 Eschborn, Kölner Straße 1;Donnerstag;2021-10-07;2021-10-01T08:36:35.851530Z
Heiner Herbstvergnügen auf dem Messeplatz;148;Darmstadt Messplatz;64289 Darmstadt, Marburgerstraße;Donnerstag;2021-10-07;2021-10-01T08:36:35.851530Z
Isabel Varell - Ein aufregendes Leben;877;Schlosspark Rockenhausen;60316 Frankfurt am Main, Schlossstraße 8;Donnerstag;2021-10-07;2021-10-01T08:36:35.851530Z
Kaisermarkt;477;Kaisermarkt;60329 Frankfurt am Main, Kaiserstraße 81;Donnerstag;2021-10-07;2021-10-01T08:36:35.851530Z
Klassisches BrauErlebnis;348;Glaabsbräu GmbH & Co. KG;63500 Seligenstadt, Frankfurter Straße 9;Donnerstag;2021-10-07;2021-10-01T08:36:35.851530Z
Lisa Fitz - Dauerbrenner - Das große Jubiläumsprogramm;1528;Jahnturnhalle;64521 Groß-Gerau, Jahnstraße;Donnerstag;2021-10-07;2021-10-01T08:36:35.851530Z
Luis aus Südtirol - Weibernarrisch;1484;Jahnturnhalle;64521 Groß-Gerau, Jahnstraße;Donnerstag;2021-10-07;2021-10-01T08:36:35.851530Z
Mariano Pensotti / Grupo Marea - Los años / Die Jahre;350;Mousonturm Saal;60316 Frankfurt am Main, Waldschmidtstraße 4;Donnerstag;2021-10-07;2021-10-01T08:36:35.851530Z
Nanowar of Steel;69;Batschkapp;60388 Frankfurt am Main, Gwinnerstraße 5;Donnerstag;2021-10-07;2021-10-01T08:36:35.851530Z
Oktoberfest - Bayrische Gemütlichkeit;750;Primus-Linie;60311 Frankfurt, Mainkai 36;Donnerstag;2021-10-07;2021-10-01T08:36:35.851530Z
Schmiere-Ausstellung - Vom Wirtschaftswunder in die …;176;Die Schmiere;60311 Frankfurt, Seckbächer Gasse 4;Donnerstag;2021-10-07;2021-10-01T08:36:35.851530Z
Stephan Masur´s Varieté Spektakel - Stephan Masur´s …;512;Stadthalle Hofheim am Taunus;65719 Hofheim, Chinonplatz 4;Donnerstag;2021-10-07;2021-10-01T08:36:35.851530Z
Ugur Sahin und Özlem Türeci - Projekt Lightspeed. Der …;718;Literaturhaus Frankfurt;60311 Frankfurt, Schöne Aussicht 2;Donnerstag;2021-10-07;2021-10-01T08:36:35.851530Z
Urban Club Band;1146;Gibson Club;60313 Frankfurt am Main, Zeil 77;Donnerstag;2021-10-07;2021-10-01T08:36:35.851530Z
Batschkapp Rocknacht;453;Batschkapp;60388 Frankfurt am Main, Gwinnerstraße 5;Freitag;2021-10-08;2021-10-01T08:36:37.478433Z
Addnfahrer - S' Lem is koa Nudlsubbn;1716;Jahnturnhalle;64521 Groß-Gerau, Jahnstraße;Freitag;2021-10-08;2021-10-01T08:36:37.478433Z
Alexander Schelle - Gehirnwäsche;1676;Jahnturnhalle;64521 Groß-Gerau, Jahnstraße;Freitag;2021-10-08;2021-10-01T08:36:37.478433Z
Barbara Balldini - Dinner for Love;1549;Carl-Zuckmayer-Halle;55299 Nackenheim, Lörzweiler Straße 15;Freitag;2021-10-08;2021-10-01T08:36:37.478433Z
Barock+ | Haydn & Händel;701;Großer Sendesaal des hessischen Rundfunks;60320 Frankfurt am Main, Bertramstraße 8;Freitag;2021-10-08;2021-10-01T08:36:37.478433Z
Batschkapp Sommergarten!;743;Batschkapp;60388 Frankfurt am Main, Gwinnerstraße 5;Freitag;2021-10-08;2021-10-01T08:36:37.478433Z
BIn nebenan;455;Stalburg Theater;60318 Frankfurt am Main, Glauburgstraße 80;Freitag;2021-10-08;2021-10-01T08:36:37.478433Z
Blumenmarkt Liebfrauenberg;576;Liebfrauenberg;60313 Frankfurt am Main, Liebfrauenberg;Freitag;2021-10-08;2021-10-01T08:36:37.478433Z
Comedy Dinner  Männer, Technik & Migräne;1677;Jahnturnhalle;64521 Groß-Gerau, Jahnstraße;Freitag;2021-10-08;2021-10-01T08:36:37.478433Z
Falsche Schlange - Falsche Schlange;647;Stadthalle Hofheim am Taunus;65719 Hofheim, Chinonplatz 4;Freitag;2021-10-08;2021-10-01T08:36:37.478433Z
Fashion Now Days;224;Häuser der Mode;65760 Eschborn, Kölner Straße 1;Freitag;2021-10-08;2021-10-01T08:36:37.478433Z
Festival der Travestie - Maria Crohn & Friends;1697;Jahnturnhalle;64521 Groß-Gerau, Jahnstraße;Freitag;2021-10-08;2021-10-01T08:36:37.478433Z
Gallusmarkt;649;Gallusmarkt;60326 Frankfurt am Main, Frankenallee 183;Freitag;2021-10-08;2021-10-01T08:36:37.478433Z
GG Vybe: La Haine (OmU), anschl. Klubnacht;157;Hafen 2;63067 Offenbach, Nordring 129;Freitag;2021-10-08;2021-10-01T08:36:37.478433Z
Heiner Herbstvergnügen auf dem Messeplatz;242;Darmstadt Messplatz;64289 Darmstadt, Marburgerstraße;Freitag;2021-10-08;2021-10-01T08:36:37.478433Z
Herbert Pixner Projekt;2343;Hugenottenhalle;63263 Neu-Isenburg, Frankfurter Straße 152;Freitag;2021-10-08;2021-10-01T08:36:37.478433Z
ICHI ICHI x Lügen/Riot Spears / Egonx/Lobsterbomb/Hot …;208;Milchsackfabrik / Tanzhaus West & Dora Brilliant;60327 Frankfurt am Main, Gutleutstraße 294;Freitag;2021-10-08;2021-10-01T08:36:37.478433Z
Irish & American Folk Night - Bluebeards;1687;Jahnturnhalle;64521 Groß-Gerau, Jahnstraße;Freitag;2021-10-08;2021-10-01T08:36:37.478433Z
Jochen Döring - Germany´s next Opferklaus;1259;Die Käs;60316 Frankfurt am Main, Waldschmidtstr. 19;Freitag;2021-10-08;2021-10-01T08:36:37.478433Z
Kaya Yanar - Fluch der Familie;1736;Jahnturnhalle;64521 Groß-Gerau, Jahnstraße;Freitag;2021-10-08;2021-10-01T08:36:37.478433Z
Klassisches BrauErlebnis;493;Glaabsbräu GmbH & Co. KG;63500 Seligenstadt, Frankfurter Straße 9;Freitag;2021-10-08;2021-10-01T08:36:37.478433Z
Lars Redlich - Lars but not least!;1737;Jahnturnhalle;64521 Groß-Gerau, Jahnstraße;Freitag;2021-10-08;2021-10-01T08:36:37.478433Z
Mariano Pensotti / Grupo Marea - Los años / Die Jahre;472;Mousonturm Saal;60316 Frankfurt am Main, Waldschmidtstraße 4;Freitag;2021-10-08;2021-10-01T08:36:37.478433Z
Messe Rhein-Main;6874;Messepark Hochheim am Main;65239 Hochheim, Am Weiher;Freitag;2021-10-08;2021-10-01T08:36:37.478433Z
Nektar – Megalomania Tour - Part II;3560;das Rind;65428 Rüsselsheim, Mainstr. 11;Freitag;2021-10-08;2021-10-01T08:36:37.478433Z
Nichts;174;Batschkapp;60388 Frankfurt am Main, Gwinnerstraße 5;Freitag;2021-10-08;2021-10-01T08:36:37.478433Z
Oktoberfest - Bayrische Gemütlichkeit;584;Primus-Linie;60311 Frankfurt, Mainkai 36;Freitag;2021-10-08;2021-10-01T08:36:37.478433Z
Olaf Schubert & seine Freunde - Zeit für Rebellen;1732;Jahnturnhalle;64521 Groß-Gerau, Jahnstraße;Freitag;2021-10-08;2021-10-01T08:36:37.478433Z
Osan Yaran - Schublade kaputt!;1688;Jahnturnhalle;64521 Groß-Gerau, Jahnstraße;Freitag;2021-10-08;2021-10-01T08:36:37.478433Z
Rock´s Finest - 80s and more...;599;SCHANZ;63165 Mühlheim, Carl-Zeiss-Straße 6;Freitag;2021-10-08;2021-10-01T08:36:37.478433Z
Roland Hefter - So lang's no geht;1675;Jahnturnhalle;64521 Groß-Gerau, Jahnstraße;Freitag;2021-10-08;2021-10-01T08:36:37.478433Z
Rüdiger Hoffmann - Best of;1577;Carl-Zuckmayer-Halle;55299 Nackenheim, Lörzweiler Straße 15;Freitag;2021-10-08;2021-10-01T08:36:37.478433Z
Seewiesn Oktoberfest - Tracht & Tradition: …;88;Wirtshaus am See;63796 Kahl, Emmerichshofen 3;Freitag;2021-10-08;2021-10-01T08:36:37.478433Z
ShishaMesse;1369;Messe Frankfurt;60327 Frankfurt am Main, Ludwig-Erhard-Anlage 1;Freitag;2021-10-08;2021-10-01T08:36:37.478433Z
Sommerbaunaechte #04 – ZOOM x S.Moreira & Band;152;Sommerbau;63067 Offenbach, Brüsseler Platz 3;Freitag;2021-10-08;2021-10-01T08:36:37.478433Z
Urban Friday;1157;Cooky's;60311 Frankfurt, Am Salzhaus 4;Freitag;2021-10-08;2021-10-01T08:36:37.478433Z
Velvet-Bar-Night;1201;Velvet Club;60311 Frankfurt, Weißfrauenstraße 12-16;Freitag;2021-10-08;2021-10-01T08:36:37.478433Z
Wochenmarkt Sachsenhausen;614;Wochenmarkt Sachsenhausen;60594 Frankfurt am Main, Diesterwegplatz 50;Freitag;2021-10-08;2021-10-01T08:36:37.478433Z
Wochenmarkt und Markthalle Höchst;590;Markthalle und Wochenmarkt Höchst;65929 Frankfurt am Main, Höchster Markt 6;Freitag;2021-10-08;2021-10-01T08:36:37.478433Z
Zoom Club * Opening Weekend;369;Zoom Club;60313 Frankfurt am Main, Brönnerstraße 5-9;Freitag;2021-10-08;2021-10-01T08:36:37.478433Z
★ Kabinett der Kuriositäten ★;597;Atelierfrankfurt;60314 Frankfurt am Main, Schwedlerstraße 1-5;Samstag;2021-10-09;2021-10-01T08:36:39.271972Z
Marché de Nuit // Herbst-Edition;487;Zoo Frankfurt;60316 Frankfurt am Main, Bernhard-Grzimek-Allee 1;Samstag;2021-10-09;2021-10-01T08:36:39.271972Z
Oktoberfest - Bayrische Gemütlichkeit;1965;Primus-Linie;60311 Frankfurt, Mainkai 36;Samstag;2021-10-09;2021-10-01T08:36:39.271972Z
Addnfahrer - S' Lem is koa Nudlsubbn;1727;Jahnturnhalle;64521 Groß-Gerau, Jahnstraße;Samstag;2021-10-09;2021-10-01T08:36:39.271972Z
Amigos - Für unsere Freunde Tour 2021;1696;Jahnturnhalle;64521 Groß-Gerau, Jahnstraße;Samstag;2021-10-09;2021-10-01T08:36:39.271972Z
Batschkapp Sommergarten;671;Batschkapp;60388 Frankfurt am Main, Gwinnerstraße 5;Samstag;2021-10-09;2021-10-01T08:36:39.271972Z
Beier & Hang - Beklopptimierung;1737;Jahnturnhalle;64521 Groß-Gerau, Jahnstraße;Samstag;2021-10-09;2021-10-01T08:36:39.271972Z
BIn nebenan;207;Stalburg Theater;60318 Frankfurt am Main, Glauburgstraße 80;Samstag;2021-10-09;2021-10-01T08:36:39.271972Z
Bülent Ceylan - Luschtobjekt;1737;Jahnturnhalle;64521 Groß-Gerau, Jahnstraße;Samstag;2021-10-09;2021-10-01T08:36:39.271972Z
Caroli & The Zoo präsentieren: Die Mega Single Party;139;Batschkapp;60388 Frankfurt am Main, Gwinnerstraße 5;Samstag;2021-10-09;2021-10-01T08:36:39.271972Z
Das Stadlfest - unterwegs 2021 - präsentiert von Andy …;1681;Jahnturnhalle;64521 Groß-Gerau, Jahnstraße;Samstag;2021-10-09;2021-10-01T08:36:39.271972Z
Electric Grooves;488;Tanzhaus West/Dora Brilliant;60327 Frankfurt am Main, Gutleutstraße 294;Samstag;2021-10-09;2021-10-01T08:36:39.271972Z
Erzeugermarkt Konstablerwache;539;Erzeugermarkt Konstablerwache;60313 Frankfurt am Main, Konstablerwache;Samstag;2021-10-09;2021-10-01T08:36:39.271972Z
FREILUFT Markt;1529;Börsenplatz;60313 Frankfurt am Main, Börsenplatz;Samstag;2021-10-09;2021-10-01T08:36:39.271972Z
Gery Seidl - Hochtief;1468;Carl-Zuckmayer-Halle;55299 Nackenheim, Lörzweiler Straße 15;Samstag;2021-10-09;2021-10-01T08:36:39.271972Z
Gibson Loves Saturdays;921;Gibson Club;60313 Frankfurt am Main, Zeil 77;Samstag;2021-10-09;2021-10-01T08:36:39.271972Z
Gudrun Höpker - Höppi Hour - die Radio Live-Show;2346;Jahnturnhalle;64521 Groß-Gerau, Jahnstraße;Samstag;2021-10-09;2021-10-01T08:36:39.271972Z
Heiner Herbstvergnügen auf dem Messeplatz;197;Darmstadt Messplatz;64289 Darmstadt, Marburgerstraße;Samstag;2021-10-09;2021-10-01T08:36:39.271972Z
How to RAVE: #1 Matz Ernst & Konsorten;113;Hafen 2;63067 Offenbach, Nordring 129;Samstag;2021-10-09;2021-10-01T08:36:39.271972Z
JIMMY REITER BAND - Electric Blues;552;Alte Öhlmühle;63225 Langen, Fahrgasse 5;Samstag;2021-10-09;2021-10-01T08:36:39.271972Z
Kaya Yanar - Fluch der Familie;1747;Jahnturnhalle;64521 Groß-Gerau, Jahnstraße;Samstag;2021-10-09;2021-10-01T08:36:39.271972Z
Klassisches BrauErlebnis;430;Glaabsbräu GmbH & Co. KG;63500 Seligenstadt, Frankfurter Straße 9;Samstag;2021-10-09;2021-10-01T08:36:39.271972Z
Kölsche Nacht - Kasalla, Druckluft & Lupo;2375;Jahnturnhalle;64521 Groß-Gerau, Jahnstraße;Samstag;2021-10-09;2021-10-01T08:36:39.271972Z
Latin Summer;1438;Latin Palace Changó;60311 Frankfurt, Münchener Straße 57;Samstag;2021-10-09;2021-10-01T08:36:39.271972Z
Mandowar;138;Batschkapp;60388 Frankfurt am Main, Gwinnerstraße 5;Samstag;2021-10-09;2021-10-01T08:36:39.271972Z
Mariano Pensotti / Grupo Marea - Los años / Die Jahre;374;Mousonturm Saal;60316 Frankfurt am Main, Waldschmidtstraße 4;Samstag;2021-10-09;2021-10-01T08:36:39.271972Z
Markus Barth - Haha... Moment, was?;1744;Jahnturnhalle;64521 Groß-Gerau, Jahnstraße;Samstag;2021-10-09;2021-10-01T08:36:39.271972Z
Messe Rhein-Main;1026;Messepark Hochheim am Main;65239 Hochheim, Am Weiher;Samstag;2021-10-09;2021-10-01T08:36:39.271972Z
Notorious;923;Cooky's;60311 Frankfurt, Am Salzhaus 4;Samstag;2021-10-09;2021-10-01T08:36:39.271972Z
Olaf Schubert & seine Freunde - Zeit für Rebellen;1760;Jahnturnhalle;64521 Groß-Gerau, Jahnstraße;Samstag;2021-10-09;2021-10-01T08:36:39.271972Z
Peter Kamenz und seine Goldenen Egerländer - Goldene …;1696;Jahnturnhalle;64521 Groß-Gerau, Jahnstraße;Samstag;2021-10-09;2021-10-01T08:36:39.271972Z
Ray Wilson & Band - Genesis Classic;1712;Jahnturnhalle;64521 Groß-Gerau, Jahnstraße;Samstag;2021-10-09;2021-10-01T08:36:39.271972Z
Seewiesn Oktoberfest - Hoch die Krüge: Alpenfuzzis Live;98;Wirtshaus am See;63796 Kahl, Emmerichshofen 3;Samstag;2021-10-09;2021-10-01T08:36:39.271972Z
Sharkwater German Bowl XLII;208;Deutsche Bank Park;60528 Frankfurt am Main, Mörfelder Lanstraße 362;Samstag;2021-10-09;2021-10-01T08:36:39.271972Z
ShishaMesse;914;Messe Frankfurt;60327 Frankfurt am Main, Ludwig-Erhard-Anlage 1;Samstag;2021-10-09;2021-10-01T08:36:39.271972Z
Skylight-Tour;376;Primus-Linie;60311 Frankfurt, Mainkai 36;Samstag;2021-10-09;2021-10-01T08:36:39.271972Z
Stefan Kröll - Goldrausch 2.0;1681;Jahnturnhalle;64521 Groß-Gerau, Jahnstraße;Samstag;2021-10-09;2021-10-01T08:36:39.271972Z
United Volleys - VfB Friedrichshafen;58;Fraport Arena;65929 Frankfurt am Main, Silostraße 46;Samstag;2021-10-09;2021-10-01T08:36:39.271972Z
Velvet-Bar-Night;736;Velvet Club;60311 Frankfurt, Weißfrauenstraße 12-16;Samstag;2021-10-09;2021-10-01T08:36:39.271972Z
Wochenmarkt Bornheim;479;Wochenmarkt Bornheim;60385 Frankfurt am Main, Berger Straße 194;Samstag;2021-10-09;2021-10-01T08:36:39.271972Z
Wochenmarkt und Markthalle Höchst;528;Markthalle und Wochenmarkt Höchst;65929 Frankfurt am Main, Höchster Markt 6;Samstag;2021-10-09;2021-10-01T08:36:39.271972Z
Wolfgang Krebs;1739;Jahnturnhalle;64521 Groß-Gerau, Jahnstraße;Samstag;2021-10-09;2021-10-01T08:36:39.271972Z
Zoom Club * Opening Weekend;314;Zoom Club;60313 Frankfurt am Main, Brönnerstraße 5-9;Samstag;2021-10-09;2021-10-01T08:36:39.271972Z
Löwen Frankfurt - ESV Kaufbeuren;3;Eissporthalle;60386 Frankfurt am Main, Am Bornheimer Hang 4;Sonntag;2021-10-03;2021-10-01T08:36:29.542728Z
Frankfurt Coffee Festival 2021;135020;Union Halle;60314 Frankfurt am Main, Hanauer Landstraße 188;Freitag;2021-10-01;2021-10-01T16:59:11.488717Z
Katermukke Mini Micro Festival I;3655;Tanzhaus West/Dora Brilliant;60327 Frankfurt am Main, Gutleutstraße 294;Freitag;2021-10-01;2021-10-01T16:59:11.488717Z
Seewiesn Oktoberfest - O'zapft is: Alpenfuzzis Live;1244;Wirtshaus am See;63796 Kahl, Emmerichshofen 3;Freitag;2021-10-01;2021-10-01T16:59:11.488717Z
alles 90er&00er Show;1449;Batschkapp;60388 Frankfurt am Main, Gwinnerstraße 5;Freitag;2021-10-01;2021-10-01T16:59:11.488717Z
Batschkapp Sommergarten!;2540;Batschkapp;60388 Frankfurt am Main, Gwinnerstraße 5;Freitag;2021-10-01;2021-10-01T16:59:11.488717Z
Blumenmarkt Liebfrauenberg;1384;Liebfrauenberg;60313 Frankfurt am Main, Liebfrauenberg;Freitag;2021-10-01;2021-10-01T16:59:11.488717Z
Deutscher Buchpreis 2021 - Die Autorinnen und Autoren …;1665;Literaturhaus Frankfurt;60311 Frankfurt, Schöne Aussicht 2;Freitag;2021-10-01;2021-10-01T16:59:11.488717Z
FACE - FRATZ Album Release Party;1414;Batschkapp;60388 Frankfurt am Main, Gwinnerstraße 5;Freitag;2021-10-01;2021-10-01T16:59:11.488717Z
Gallusmarkt;1500;Gallusmarkt;60326 Frankfurt am Main, Frankenallee 183;Freitag;2021-10-01;2021-10-01T16:59:11.488717Z
Heiner Herbstvergnügen auf dem Messeplatz;1805;Darmstadt Messplatz;64289 Darmstadt, Marburgerstraße;Freitag;2021-10-01;2021-10-01T16:59:11.488717Z
hr-Sinfoniekonzert | Pastorale;1897;Alte Oper | Großer Saal;60313 Frankfurt am Main, Opernplatz 1;Freitag;2021-10-01;2021-10-01T16:59:11.488717Z
Jo van Nelsen & Bernd Schmidt - Ich bin so wild nach …;1267;Romanfabrik;60314 Frankfurt am Main, Hanauer Landstraße 186;Freitag;2021-10-01;2021-10-01T16:59:11.488717Z
Just #1 supported by Fitseveneleven;1137;Gibson Club;60313 Frankfurt am Main, Zeil 77;Freitag;2021-10-01;2021-10-01T16:59:11.488717Z
K5 Chaconne;1223;Johanniskirche;61476 Kronberg;Freitag;2021-10-01;2021-10-01T16:59:11.488717Z
K7 Im Traume;1797;Burg Kronberg;61476 Kronberg, Schlossstraße 10-12;Freitag;2021-10-01;2021-10-01T16:59:11.488717Z
Klassisches BrauErlebnis;1430;Glaabsbräu GmbH & Co. KG;63500 Seligenstadt, Frankfurter Straße 9;Freitag;2021-10-01;2021-10-01T16:59:11.488717Z
Kolektif Istanbul;976;Hafen 2;63067 Offenbach, Nordring 129;Freitag;2021-10-01;2021-10-01T16:59:11.488717Z
Liza Kos - Intrigatiion;4791;Jahnturnhalle;64521 Groß-Gerau, Jahnstraße;Freitag;2021-10-01;2021-10-01T16:59:11.488717Z
Mudhoney;3708;Carl-Zuckmayer-Halle;55299 Nackenheim, Lörzweiler Straße 15;Freitag;2021-10-01;2021-10-01T16:59:11.488717Z
Oktoberfest - Bayrische Gemütlichkeit;2347;Primus-Linie;60311 Frankfurt, Mainkai 36;Freitag;2021-10-01;2021-10-01T16:59:11.488717Z
Psycho Village - Unstoppable Tour;2240;SCHANZ;63165 Mühlheim, Carl-Zeiss-Straße 6;Freitag;2021-10-01;2021-10-01T16:59:11.488717Z
Sebastian 23 - Cogito, ergo dumm;2030;Die Käs;60316 Frankfurt am Main, Waldschmidtstr. 19;Freitag;2021-10-01;2021-10-01T16:59:11.488717Z
Sissi Perlinger - „Die Perlingerin - Worum es …;1244;Bürgerhaus Hausen;63179 Obertshausen, Tempelhoferstraße 10;Freitag;2021-10-01;2021-10-01T16:59:11.488717Z
Ulisses Online Con 2021;8297;Ulisses Medien & Spiel Distribution GmbH;65529 Waldems, Industriestraße 11;Freitag;2021-10-01;2021-10-01T16:59:11.488717Z
Urban Friday;2322;Cooky's;60311 Frankfurt, Am Salzhaus 4;Freitag;2021-10-01;2021-10-01T16:59:11.488717Z
Urban Priol - Im Fluss;3596;Carl-Zuckmayer-Halle;55299 Nackenheim, Lörzweiler Straße 15;Freitag;2021-10-01;2021-10-01T16:59:11.488717Z
Velvet-Bar-Night;2618;Velvet Club;60311 Frankfurt, Weißfrauenstraße 12-16;Freitag;2021-10-01;2021-10-01T16:59:11.488717Z
Wer kocht, schießt nicht - Eine Koch-Satire von …;1618;Stalburg Theater;60318 Frankfurt am Main, Glauburgstraße 80;Freitag;2021-10-01;2021-10-01T16:59:11.488717Z
Wochenmarkt Sachsenhausen;1508;Wochenmarkt Sachsenhausen;60594 Frankfurt am Main, Diesterwegplatz 50;Freitag;2021-10-01;2021-10-01T16:59:11.488717Z
Wochenmarkt und Markthalle Höchst;1634;Markthalle und Wochenmarkt Höchst;65929 Frankfurt am Main, Höchster Markt 6;Freitag;2021-10-01;2021-10-01T16:59:11.488717Z
Yves Macak: R-zieher - Echt jetzt?!;4779;Jahnturnhalle;64521 Groß-Gerau, Jahnstraße;Freitag;2021-10-01;2021-10-01T16:59:11.488717Z
Frankfurt Coffee Festival 2021;123868;Union Halle;60314 Frankfurt am Main, Hanauer Landstraße 188;Samstag;2021-10-02;2021-10-01T16:59:13.271438Z
Notorious;3783;Cooky's;60311 Frankfurt, Am Salzhaus 4;Samstag;2021-10-02;2021-10-01T16:59:13.271438Z
Seewiesn Oktoberfest - Seewiesn´Gaudi: Alpenfuzzis Live;816;Wirtshaus am See;63796 Kahl, Emmerichshofen 3;Samstag;2021-10-02;2021-10-01T16:59:13.271438Z
Achtung Baby - U2 -Tributeband;3401;Carl-Zuckmayer-Halle;55299 Nackenheim, Lörzweiler Straße 15;Samstag;2021-10-02;2021-10-01T16:59:13.271438Z
Amigos & Stargast Daniela Alfinito - Für unsere …;4404;Jahnturnhalle;64521 Groß-Gerau, Jahnstraße;Samstag;2021-10-02;2021-10-01T16:59:13.271438Z
Batschkapp Opening Party;1066;Batschkapp;60388 Frankfurt am Main, Gwinnerstraße 5;Samstag;2021-10-02;2021-10-01T16:59:13.271438Z
Batschkapp Sommergarten;2137;Batschkapp;60388 Frankfurt am Main, Gwinnerstraße 5;Samstag;2021-10-02;2021-10-01T16:59:13.271438Z
Crew Love;490;Adlib;60314 Frankfurt am Main, Schwedler Straße 8;Samstag;2021-10-02;2021-10-01T16:59:13.271438Z
Die A Cappella-Nacht;3921;Jahnturnhalle;64521 Groß-Gerau, Jahnstraße;Samstag;2021-10-02;2021-10-01T16:59:13.271438Z
Die Frank Schöbel Story;3209;Carl-Zuckmayer-Halle;55299 Nackenheim, Lörzweiler Straße 15;Samstag;2021-10-02;2021-10-01T16:59:13.271438Z
Erzeugermarkt Konstablerwache;1052;Erzeugermarkt Konstablerwache;60313 Frankfurt am Main, Konstablerwache;Samstag;2021-10-02;2021-10-01T16:59:13.271438Z
Eva Klesse Quartett - Creatures & States;857;Romanfabrik;60314 Frankfurt am Main, Hanauer Landstraße 186;Samstag;2021-10-02;2021-10-01T16:59:13.271438Z
FREILUFT Markt;2269;Börsenplatz;60313 Frankfurt am Main, Börsenplatz;Samstag;2021-10-02;2021-10-01T16:59:13.271438Z
Garden of Delight - Celtic Party;994;SCHANZ;63165 Mühlheim, Carl-Zeiss-Straße 6;Samstag;2021-10-02;2021-10-01T16:59:13.271438Z
Gernot Voltz - Pleiten, Pech & Populisten;1632;Die Käs;60316 Frankfurt am Main, Waldschmidtstr. 19;Samstag;2021-10-02;2021-10-01T16:59:13.271438Z
Gibson Loves Saturdays;1827;Gibson Club;60313 Frankfurt am Main, Zeil 77;Samstag;2021-10-02;2021-10-01T16:59:13.271438Z
Hafenkino: Toubab;534;Hafen 2;63067 Offenbach, Nordring 129;Samstag;2021-10-02;2021-10-01T16:59:13.271438Z
Heiner Herbstvergnügen auf dem Messeplatz;1331;Darmstadt Messplatz;64289 Darmstadt, Marburgerstraße;Samstag;2021-10-02;2021-10-01T16:59:13.271438Z
K11 Janoska Style;1490;Burg Kronberg;61476 Kronberg, Schlossstraße 10-12;Samstag;2021-10-02;2021-10-01T16:59:13.271438Z
K8 Perfect Storm;877;Johanniskirche;61476 Kronberg;Samstag;2021-10-02;2021-10-01T16:59:13.271438Z
Katermukke Mini Micro Festival II;897;Tanzhaus West/Dora Brilliant;60327 Frankfurt am Main, Gutleutstraße 294;Samstag;2021-10-02;2021-10-01T16:59:13.271438Z
Klassisches BrauErlebnis;1106;Glaabsbräu GmbH & Co. KG;63500 Seligenstadt, Frankfurter Straße 9;Samstag;2021-10-02;2021-10-01T16:59:13.271438Z
Latin Summer;2213;Latin Palace Changó;60311 Frankfurt, Münchener Straße 57;Samstag;2021-10-02;2021-10-01T16:59:13.271438Z
Oktoberfest - Bayrische Gemütlichkeit;1750;Primus-Linie;60311 Frankfurt, Mainkai 36;Samstag;2021-10-02;2021-10-01T16:59:13.271438Z
Rapunzel-Report - Stefani Kunkel;1089;Stalburg Theater;60318 Frankfurt am Main, Glauburgstraße 80;Samstag;2021-10-02;2021-10-01T16:59:13.271438Z
Schlager Dinnershow Unforgettable;2924;Jahnturnhalle;64521 Groß-Gerau, Jahnstraße;Samstag;2021-10-02;2021-10-01T16:59:13.271438Z
Skylight-Tour;2033;Primus-Linie;60311 Frankfurt, Mainkai 36;Samstag;2021-10-02;2021-10-01T16:59:13.271438Z
Studenten-Sinfonieorchester Marburg - Von Wien nach …;1048;Amphitheater;63454 Hanau, Philippsruher Allee 48;Samstag;2021-10-02;2021-10-01T16:59:13.271438Z
The Dust Coda;566;Batschkapp;60388 Frankfurt am Main, Gwinnerstraße 5;Samstag;2021-10-02;2021-10-01T16:59:13.271438Z
The Schick Sisters - Close Together;3576;Jahnturnhalle;64521 Groß-Gerau, Jahnstraße;Samstag;2021-10-02;2021-10-01T16:59:13.271438Z
Ulisses Online Con 2021;4338;Ulisses Medien & Spiel Distribution GmbH;65529 Waldems, Industriestraße 11;Samstag;2021-10-02;2021-10-01T16:59:13.271438Z
Velvet-Bar-Night;1322;Velvet Club;60311 Frankfurt, Weißfrauenstraße 12-16;Samstag;2021-10-02;2021-10-01T16:59:13.271438Z
Wochenmarkt Bornheim;996;Wochenmarkt Bornheim;60385 Frankfurt am Main, Berger Straße 194;Samstag;2021-10-02;2021-10-01T16:59:13.271438Z
Wochenmarkt und Markthalle Höchst;1183;Markthalle und Wochenmarkt Höchst;65929 Frankfurt am Main, Höchster Markt 6;Samstag;2021-10-02;2021-10-01T16:59:13.271438Z
Frankfurt Coffee Festival 2021;113779;Union Halle;60314 Frankfurt am Main, Hanauer Landstraße 188;Sonntag;2021-10-03;2021-10-01T16:59:15.446419Z
Familien Seewiesn-Hühnerberg Quintett Holtrio Live;263;Wirtshaus am See;63796 Kahl, Emmerichshofen 3;Sonntag;2021-10-03;2021-10-01T16:59:15.446419Z
The Mystery Of Banksy - A Genius Mind;244755;Isarforum Deutsches Museum;80538 München, Ludwigsbrücke;Sonntag;2021-10-03;2021-10-01T16:59:15.446419Z
Bibi Blocksberg - Alles wie verhext! - Das Musical;1751;Jahnturnhalle;64521 Groß-Gerau, Jahnstraße;Sonntag;2021-10-03;2021-10-01T16:59:15.446419Z
Camera;190;Batschkapp;60388 Frankfurt am Main, Gwinnerstraße 5;Sonntag;2021-10-03;2021-10-01T16:59:15.446419Z
FRAPORT SKYLINERS - EWE Baskets Oldenburg …;1120;Fraport Arena;65929 Frankfurt am Main, Silostraße 46;Sonntag;2021-10-03;2021-10-01T16:59:15.446419Z
Heiner Herbstvergnügen auf dem Messeplatz;912;Darmstadt Messplatz;64289 Darmstadt, Marburgerstraße;Sonntag;2021-10-03;2021-10-01T16:59:15.446419Z
K13 Ausgezeichnet!;792;Kath. Kirche St. Peter und Paul;61476 Kronberg, Katharinenstraße 5;Sonntag;2021-10-03;2021-10-01T16:59:15.446419Z
Kammermusik | Romantik à la russe;1314;Großer Sendesaal des hessischen Rundfunks;60320 Frankfurt am Main, Bertramstraße 8;Sonntag;2021-10-03;2021-10-01T16:59:15.446419Z
Konzert: Mnevis;287;Hafen 2;63067 Offenbach, Nordring 129;Sonntag;2021-10-03;2021-10-01T16:59:15.446419Z
Löwen Frankfurt - ESV Kaufbeuren;20;Eissporthalle;60386 Frankfurt am Main, Am Bornheimer Hang 4;Sonntag;2021-10-03;2021-10-01T16:59:15.446419Z
Max Barskih;5939;Stadthalle Offenbach;63071 Offenbach, Waldstraße 312;Sonntag;2021-10-03;2021-10-01T16:59:15.446419Z
Online Tour Bunte Götter;559;Liebieghaus Skulpturensammlung;60596 Frankfurt am Main, Schaumainkai 71;Sonntag;2021-10-03;2021-10-01T16:59:15.446419Z
Profiler Suzanne Grieger-Langer - Deppen-Detox-Tour;1964;Carl-Zuckmayer-Halle;55299 Nackenheim, Lörzweiler Straße 15;Sonntag;2021-10-03;2021-10-01T16:59:15.446419Z
Ulisses Online Con 2021;3216;Ulisses Medien & Spiel Distribution GmbH;65529 Waldems, Industriestraße 11;Sonntag;2021-10-03;2021-10-01T16:59:15.446419Z
Von der Weltbedeutung des Operndaseins - Ein …;572;Literaturhaus Frankfurt;60311 Frankfurt, Schöne Aussicht 2;Sonntag;2021-10-03;2021-10-01T16:59:15.446419Z
Yoga;1271;Yachtklub;60594 Frankfurt am Main, Deutschherrnufer 12;Sonntag;2021-10-03;2021-10-01T16:59:15.446419Z
Fashion Now Days;847;Häuser der Mode;65760 Eschborn, Kölner Straße 1;Montag;2021-10-04;2021-10-01T16:59:17.348179Z
Angelika Klüssendorf - Vierunddreißigster September;841;Literaturhaus Frankfurt;60311 Frankfurt, Schöne Aussicht 2;Montag;2021-10-04;2021-10-01T16:59:17.348179Z
Heiner Herbstvergnügen auf dem Messeplatz;900;Darmstadt Messplatz;64289 Darmstadt, Marburgerstraße;Montag;2021-10-04;2021-10-01T16:59:17.348179Z
Kazy Lambist - Frankfurt - Zoom;310;Zoom Club;60313 Frankfurt am Main, Brönnerstraße 5-9;Montag;2021-10-04;2021-10-01T16:59:17.348179Z
Lucas Filmfestival: Nelly Rapp;246;Hafen 2;63067 Offenbach, Nordring 129;Montag;2021-10-04;2021-10-01T16:59:17.348179Z
Lucas Filmfestival: Shija the Rebel Fairy;250;Hafen 2;63067 Offenbach, Nordring 129;Montag;2021-10-04;2021-10-01T16:59:17.348179Z
Monday Mood;1531;Velvet Club;60311 Frankfurt, Weißfrauenstraße 12-16;Montag;2021-10-04;2021-10-01T16:59:17.348179Z
Profiler Suzanne Grieger-Langer - Deppen-Detox-Tour;1638;Carl-Zuckmayer-Halle;55299 Nackenheim, Lörzweiler Straße 15;Montag;2021-10-04;2021-10-01T16:59:17.348179Z
Robert Jon and the Wreck;130;Batschkapp;60388 Frankfurt am Main, Gwinnerstraße 5;Montag;2021-10-04;2021-10-01T16:59:17.348179Z
Vernon Subutex Vol. II;550;Stalburg Theater;60318 Frankfurt am Main, Glauburgstraße 80;Montag;2021-10-04;2021-10-01T16:59:17.348179Z
Company Kart Cup;3454;No Limit;60433 Frankfurt am Main, August-Schanz-Straße 31a;Dienstag;2021-10-05;2021-10-01T16:59:19.536763Z
Lucas Filmfestival: Even Mice Belong in Heaven;551;Hafen 2;63067 Offenbach, Nordring 129;Dienstag;2021-10-05;2021-10-01T16:59:19.536763Z
Battery Experts Forum;1191;Messe Frankfurt;60327 Frankfurt am Main, Ludwig-Erhard-Anlage 1;Dienstag;2021-10-05;2021-10-01T16:59:19.536763Z
Daniela Danz & Falk Zenker - Wildniß – Lesekonzert;415;Romanfabrik;60314 Frankfurt am Main, Hanauer Landstraße 186;Dienstag;2021-10-05;2021-10-01T16:59:19.536763Z
Fashion Now Days;212;Häuser der Mode;65760 Eschborn, Kölner Straße 1;Dienstag;2021-10-05;2021-10-01T16:59:19.536763Z
Heiner Herbstvergnügen auf dem Messeplatz;758;Darmstadt Messplatz;64289 Darmstadt, Marburgerstraße;Dienstag;2021-10-05;2021-10-01T16:59:19.536763Z
Josh Rouse + Vetiver - An evening with two troubadours;3599;Brotfabrik;60488 Frankfurt am Main, Bachmannstraße 2-4;Dienstag;2021-10-05;2021-10-01T16:59:19.536763Z
Klassisches BrauErlebnis;612;Glaabsbräu GmbH & Co. KG;63500 Seligenstadt, Frankfurter Straße 9;Dienstag;2021-10-05;2021-10-01T16:59:19.536763Z
Lucas Filmfestival: Mica;154;Hafen 2;63067 Offenbach, Nordring 129;Dienstag;2021-10-05;2021-10-01T16:59:19.536763Z
Monsieur Brezelberger - Wunder, Wahnsinn, Weltniveau;1078;Die Käs;60316 Frankfurt am Main, Waldschmidtstr. 19;Dienstag;2021-10-05;2021-10-01T16:59:19.536763Z
Profiler Suzanne Grieger-Langer - Deppen-Detox-Tour;1342;Carl-Zuckmayer-Halle;55299 Nackenheim, Lörzweiler Straße 15;Dienstag;2021-10-05;2021-10-01T16:59:19.536763Z
Vernon Subutex Vol. II;584;Stalburg Theater;60318 Frankfurt am Main, Glauburgstraße 80;Dienstag;2021-10-05;2021-10-01T16:59:19.536763Z
Wochenmarkt Sachsenhausen;601;Wochenmarkt Sachsenhausen;60594 Frankfurt am Main, Diesterwegplatz 50;Dienstag;2021-10-05;2021-10-01T16:59:19.536763Z
Wochenmarkt und Markthalle Höchst;576;Markthalle und Wochenmarkt Höchst;65929 Frankfurt am Main, Höchster Markt 6;Dienstag;2021-10-05;2021-10-01T16:59:19.536763Z
Blick nach vorn: eps ARENA SUMMIT;955;Deutsche Bank Park;60528 Frankfurt am Main, Mörfelder Lanstraße 362;Mittwoch;2021-10-06;2021-10-01T16:59:21.237566Z
Wednesday Vibes;1599;Velvet Club;60311 Frankfurt, Weißfrauenstraße 12-16;Mittwoch;2021-10-06;2021-10-01T16:59:21.237566Z
3. Jobmesse Frankfurt;22619;Jahrhunderthalle;65929 Frankfurt am Main, Pfaffenwiese 301;Mittwoch;2021-10-06;2021-10-01T16:59:21.237566Z
Alex Stolze (Bodi Bill);79;Batschkapp;60388 Frankfurt am Main, Gwinnerstraße 5;Mittwoch;2021-10-06;2021-10-01T16:59:21.237566Z
Battery Experts Forum;1079;Messe Frankfurt;60327 Frankfurt am Main, Ludwig-Erhard-Anlage 1;Mittwoch;2021-10-06;2021-10-01T16:59:21.237566Z
Bodo Kirchhoff - Bericht zur Lage des Glücks;679;Literaturhaus Frankfurt;60311 Frankfurt, Schöne Aussicht 2;Mittwoch;2021-10-06;2021-10-01T16:59:21.237566Z
Fashion Now Days;124;Häuser der Mode;65760 Eschborn, Kölner Straße 1;Mittwoch;2021-10-06;2021-10-01T16:59:21.237566Z
Frankfurts größtes Speed Dating;502;H'ugo's Frankfurt;60311 Frankfurt, Neue Rothofstrasse 21;Mittwoch;2021-10-06;2021-10-01T16:59:21.237566Z
Heiner Herbstvergnügen auf dem Messeplatz;552;Darmstadt Messplatz;64289 Darmstadt, Marburgerstraße;Mittwoch;2021-10-06;2021-10-01T16:59:21.237566Z
Klassisches BrauErlebnis;270;Glaabsbräu GmbH & Co. KG;63500 Seligenstadt, Frankfurter Straße 9;Mittwoch;2021-10-06;2021-10-01T16:59:21.237566Z
Lisa Fitz - Dauerbrenner - Das große Jubiläumsprogramm;1492;Jahnturnhalle;64521 Groß-Gerau, Jahnstraße;Mittwoch;2021-10-06;2021-10-01T16:59:21.237566Z
LIVE x WORAKLS;496;Tanzhaus West/Dora Brilliant;60327 Frankfurt am Main, Gutleutstraße 294;Mittwoch;2021-10-06;2021-10-01T16:59:21.237566Z
Löwen Frankfurt;418;Löwen Frankfurt;60386 Frankfurt am Main, Am Bornheimer Hang 4;Mittwoch;2021-10-06;2021-10-01T16:59:21.237566Z
Lucas Filmfestival: Beans;60;Hafen 2;63067 Offenbach, Nordring 129;Mittwoch;2021-10-06;2021-10-01T16:59:21.237566Z
Martinsvierteler Markt;632;Riegerplatz;64289 Darmstadt;Mittwoch;2021-10-06;2021-10-01T16:59:21.237566Z
Mathias Tretter: Sittenstrolch;381;Stalburg Theater;60318 Frankfurt am Main, Glauburgstraße 80;Mittwoch;2021-10-06;2021-10-01T16:59:21.237566Z
Online Tour Bunte Götter;366;Liebieghaus Skulpturensammlung;60596 Frankfurt am Main, Schaumainkai 71;Mittwoch;2021-10-06;2021-10-01T16:59:21.237566Z
Wochenmarkt Bornheim;430;Wochenmarkt Bornheim;60385 Frankfurt am Main, Berger Straße 194;Mittwoch;2021-10-06;2021-10-01T16:59:21.237566Z
Wochenmarkt Rödelheim;463;Wochenmarkt Rödelheim;60489 Frankfurt am Main, Arthur-Stern-Platz;Mittwoch;2021-10-06;2021-10-01T16:59:21.237566Z
Studienplatzbörse 👩‍🎓 @ BA Rhein-Main 🌆;2047;BA Rhein-Main;63322 Rödermark, Am Schwimmbad 3;Donnerstag;2021-10-07;2021-10-01T16:59:23.103691Z
Addnfahrer - S' Lem is koa Nudlsubbn;1534;Jahnturnhalle;64521 Groß-Gerau, Jahnstraße;Donnerstag;2021-10-07;2021-10-01T16:59:23.103691Z
Barbara Balldini - g'hörig durchgeknallt;1480;Jahnturnhalle;64521 Groß-Gerau, Jahnstraße;Donnerstag;2021-10-07;2021-10-01T16:59:23.103691Z
Barock+ | Haydn & Bach;600;Großer Sendesaal des hessischen Rundfunks;60320 Frankfurt am Main, Bertramstraße 8;Donnerstag;2021-10-07;2021-10-01T16:59:23.103691Z
Battery Experts Forum;979;Messe Frankfurt;60327 Frankfurt am Main, Ludwig-Erhard-Anlage 1;Donnerstag;2021-10-07;2021-10-01T16:59:23.103691Z
Blick nach vorn: eps ARENA SUMMIT;140;Deutsche Bank Park;60528 Frankfurt am Main, Mörfelder Lanstraße 362;Donnerstag;2021-10-07;2021-10-01T16:59:23.103691Z
Dr. Jan-Uwe Rogge;1338;Carl-Zuckmayer-Halle;55299 Nackenheim, Lörzweiler Straße 15;Donnerstag;2021-10-07;2021-10-01T16:59:23.103691Z
Dui do on de Sell - ..und du lach´sch halt!;1955;Hugenottenhalle;63263 Neu-Isenburg, Frankfurter Straße 152;Donnerstag;2021-10-07;2021-10-01T16:59:23.103691Z
Erzeugermarkt Konstablerwache;533;Erzeugermarkt Konstablerwache;60313 Frankfurt am Main, Konstablerwache;Donnerstag;2021-10-07;2021-10-01T16:59:23.103691Z
Fashion Now Days;121;Häuser der Mode;65760 Eschborn, Kölner Straße 1;Donnerstag;2021-10-07;2021-10-01T16:59:23.103691Z
Heiner Herbstvergnügen auf dem Messeplatz;180;Darmstadt Messplatz;64289 Darmstadt, Marburgerstraße;Donnerstag;2021-10-07;2021-10-01T16:59:23.103691Z
Isabel Varell - Ein aufregendes Leben;885;Schlosspark Rockenhausen;60316 Frankfurt am Main, Schlossstraße 8;Donnerstag;2021-10-07;2021-10-01T16:59:23.103691Z
Kaisermarkt;485;Kaisermarkt;60329 Frankfurt am Main, Kaiserstraße 81;Donnerstag;2021-10-07;2021-10-01T16:59:23.103691Z
Klassisches BrauErlebnis;366;Glaabsbräu GmbH & Co. KG;63500 Seligenstadt, Frankfurter Straße 9;Donnerstag;2021-10-07;2021-10-01T16:59:23.103691Z
Lisa Fitz - Dauerbrenner - Das große Jubiläumsprogramm;1541;Jahnturnhalle;64521 Groß-Gerau, Jahnstraße;Donnerstag;2021-10-07;2021-10-01T16:59:23.103691Z
Luis aus Südtirol - Weibernarrisch;1497;Jahnturnhalle;64521 Groß-Gerau, Jahnstraße;Donnerstag;2021-10-07;2021-10-01T16:59:23.103691Z
Mariano Pensotti / Grupo Marea - Los años / Die Jahre;362;Mousonturm Saal;60316 Frankfurt am Main, Waldschmidtstraße 4;Donnerstag;2021-10-07;2021-10-01T16:59:23.103691Z
Nanowar of Steel;80;Batschkapp;60388 Frankfurt am Main, Gwinnerstraße 5;Donnerstag;2021-10-07;2021-10-01T16:59:23.103691Z
Oktoberfest - Bayrische Gemütlichkeit;784;Primus-Linie;60311 Frankfurt, Mainkai 36;Donnerstag;2021-10-07;2021-10-01T16:59:23.103691Z
Schmiere-Ausstellung - Vom Wirtschaftswunder in die …;184;Die Schmiere;60311 Frankfurt, Seckbächer Gasse 4;Donnerstag;2021-10-07;2021-10-01T16:59:23.103691Z
Stephan Masur´s Varieté Spektakel - Stephan Masur´s …;526;Stadthalle Hofheim am Taunus;65719 Hofheim, Chinonplatz 4;Donnerstag;2021-10-07;2021-10-01T16:59:23.103691Z
Ugur Sahin und Özlem Türeci - Projekt Lightspeed. Der …;740;Literaturhaus Frankfurt;60311 Frankfurt, Schöne Aussicht 2;Donnerstag;2021-10-07;2021-10-01T16:59:23.103691Z
Urban Club Band;1173;Gibson Club;60313 Frankfurt am Main, Zeil 77;Donnerstag;2021-10-07;2021-10-01T16:59:23.103691Z
Batschkapp Rocknacht;479;Batschkapp;60388 Frankfurt am Main, Gwinnerstraße 5;Freitag;2021-10-08;2021-10-01T16:59:24.884095Z
Addnfahrer - S' Lem is koa Nudlsubbn;1737;Jahnturnhalle;64521 Groß-Gerau, Jahnstraße;Freitag;2021-10-08;2021-10-01T16:59:24.884095Z
Alexander Schelle - Gehirnwäsche;1697;Jahnturnhalle;64521 Groß-Gerau, Jahnstraße;Freitag;2021-10-08;2021-10-01T16:59:24.884095Z
Barbara Balldini - Dinner for Love;1569;Carl-Zuckmayer-Halle;55299 Nackenheim, Lörzweiler Straße 15;Freitag;2021-10-08;2021-10-01T16:59:24.884095Z
Barock+ | Haydn & Händel;720;Großer Sendesaal des hessischen Rundfunks;60320 Frankfurt am Main, Bertramstraße 8;Freitag;2021-10-08;2021-10-01T16:59:24.884095Z
Batschkapp Sommergarten!;755;Batschkapp;60388 Frankfurt am Main, Gwinnerstraße 5;Freitag;2021-10-08;2021-10-01T16:59:24.884095Z
BIn nebenan;470;Stalburg Theater;60318 Frankfurt am Main, Glauburgstraße 80;Freitag;2021-10-08;2021-10-01T16:59:24.884095Z
Blumenmarkt Liebfrauenberg;589;Liebfrauenberg;60313 Frankfurt am Main, Liebfrauenberg;Freitag;2021-10-08;2021-10-01T16:59:24.884095Z
Comedy Dinner  Männer, Technik & Migräne;1698;Jahnturnhalle;64521 Groß-Gerau, Jahnstraße;Freitag;2021-10-08;2021-10-01T16:59:24.884095Z
Falsche Schlange - Falsche Schlange;669;Stadthalle Hofheim am Taunus;65719 Hofheim, Chinonplatz 4;Freitag;2021-10-08;2021-10-01T16:59:24.884095Z
Fashion Now Days;231;Häuser der Mode;65760 Eschborn, Kölner Straße 1;Freitag;2021-10-08;2021-10-01T16:59:24.884095Z
Festival der Travestie - Maria Crohn & Friends;1718;Jahnturnhalle;64521 Groß-Gerau, Jahnstraße;Freitag;2021-10-08;2021-10-01T16:59:24.884095Z
Gallusmarkt;660;Gallusmarkt;60326 Frankfurt am Main, Frankenallee 183;Freitag;2021-10-08;2021-10-01T16:59:24.884095Z
GG Vybe: La Haine (OmU), anschl. Klubnacht;166;Hafen 2;63067 Offenbach, Nordring 129;Freitag;2021-10-08;2021-10-01T16:59:24.884095Z
Heiner Herbstvergnügen auf dem Messeplatz;294;Darmstadt Messplatz;64289 Darmstadt, Marburgerstraße;Freitag;2021-10-08;2021-10-01T16:59:24.884095Z
Herbert Pixner Projekt;2371;Hugenottenhalle;63263 Neu-Isenburg, Frankfurter Straße 152;Freitag;2021-10-08;2021-10-01T16:59:24.884095Z
ICHI ICHI x Lügen/Riot Spears / Egonx/Lobsterbomb/Hot …;225;Milchsackfabrik / Tanzhaus West & Dora Brilliant;60327 Frankfurt am Main, Gutleutstraße 294;Freitag;2021-10-08;2021-10-01T16:59:24.884095Z
Irish & American Folk Night - Bluebeards;1708;Jahnturnhalle;64521 Groß-Gerau, Jahnstraße;Freitag;2021-10-08;2021-10-01T16:59:24.884095Z
Jochen Döring - Germany´s next Opferklaus;1283;Die Käs;60316 Frankfurt am Main, Waldschmidtstr. 19;Freitag;2021-10-08;2021-10-01T16:59:24.884095Z
Kaya Yanar - Fluch der Familie;1757;Jahnturnhalle;64521 Groß-Gerau, Jahnstraße;Freitag;2021-10-08;2021-10-01T16:59:24.884095Z
Klassisches BrauErlebnis;529;Glaabsbräu GmbH & Co. KG;63500 Seligenstadt, Frankfurter Straße 9;Freitag;2021-10-08;2021-10-01T16:59:24.884095Z
Lars Redlich - Lars but not least!;1758;Jahnturnhalle;64521 Groß-Gerau, Jahnstraße;Freitag;2021-10-08;2021-10-01T16:59:24.884095Z
Mariano Pensotti / Grupo Marea - Los años / Die Jahre;487;Mousonturm Saal;60316 Frankfurt am Main, Waldschmidtstraße 4;Freitag;2021-10-08;2021-10-01T16:59:24.884095Z
Messe Rhein-Main;6936;Messepark Hochheim am Main;65239 Hochheim, Am Weiher;Freitag;2021-10-08;2021-10-01T16:59:24.884095Z
Nektar – Megalomania Tour - Part II;3583;das Rind;65428 Rüsselsheim, Mainstr. 11;Freitag;2021-10-08;2021-10-01T16:59:24.884095Z
Nichts;187;Batschkapp;60388 Frankfurt am Main, Gwinnerstraße 5;Freitag;2021-10-08;2021-10-01T16:59:24.884095Z
Oktoberfest - Bayrische Gemütlichkeit;620;Primus-Linie;60311 Frankfurt, Mainkai 36;Freitag;2021-10-08;2021-10-01T16:59:24.884095Z
Olaf Schubert & seine Freunde - Zeit für Rebellen;1753;Jahnturnhalle;64521 Groß-Gerau, Jahnstraße;Freitag;2021-10-08;2021-10-01T16:59:24.884095Z
Osan Yaran - Schublade kaputt!;1709;Jahnturnhalle;64521 Groß-Gerau, Jahnstraße;Freitag;2021-10-08;2021-10-01T16:59:24.884095Z
Rock´s Finest - 80s and more...;610;SCHANZ;63165 Mühlheim, Carl-Zeiss-Straße 6;Freitag;2021-10-08;2021-10-01T16:59:24.884095Z
Roland Hefter - So lang's no geht;1696;Jahnturnhalle;64521 Groß-Gerau, Jahnstraße;Freitag;2021-10-08;2021-10-01T16:59:24.884095Z
Rüdiger Hoffmann - Best of;1597;Carl-Zuckmayer-Halle;55299 Nackenheim, Lörzweiler Straße 15;Freitag;2021-10-08;2021-10-01T16:59:24.884095Z
Seewiesn Oktoberfest - Tracht & Tradition: …;119;Wirtshaus am See;63796 Kahl, Emmerichshofen 3;Freitag;2021-10-08;2021-10-01T16:59:24.884095Z
ShishaMesse;1387;Messe Frankfurt;60327 Frankfurt am Main, Ludwig-Erhard-Anlage 1;Freitag;2021-10-08;2021-10-01T16:59:24.884095Z
Sommerbaunaechte #04 – ZOOM x S.Moreira & Band;162;Sommerbau;63067 Offenbach, Brüsseler Platz 3;Freitag;2021-10-08;2021-10-01T16:59:24.884095Z
Urban Friday;1197;Cooky's;60311 Frankfurt, Am Salzhaus 4;Freitag;2021-10-08;2021-10-01T16:59:24.884095Z
Velvet-Bar-Night;1233;Velvet Club;60311 Frankfurt, Weißfrauenstraße 12-16;Freitag;2021-10-08;2021-10-01T16:59:24.884095Z
Wochenmarkt Sachsenhausen;634;Wochenmarkt Sachsenhausen;60594 Frankfurt am Main, Diesterwegplatz 50;Freitag;2021-10-08;2021-10-01T16:59:24.884095Z
Wochenmarkt und Markthalle Höchst;604;Markthalle und Wochenmarkt Höchst;65929 Frankfurt am Main, Höchster Markt 6;Freitag;2021-10-08;2021-10-01T16:59:24.884095Z
Zoom Club * Opening Weekend;402;Zoom Club;60313 Frankfurt am Main, Brönnerstraße 5-9;Freitag;2021-10-08;2021-10-01T16:59:24.884095Z
DigiKomi x Amazon Online Convention;1571;DoKomi;40474 Düsseldorf, Stockumer Kirchstraße 61;Samstag;2021-10-09;2021-10-01T16:59:26.754226Z
★ Kabinett der Kuriositäten ★;649;Atelierfrankfurt;60314 Frankfurt am Main, Schwedlerstraße 1-5;Samstag;2021-10-09;2021-10-01T16:59:26.754226Z
Marché de Nuit // Herbst-Edition;528;Zoo Frankfurt;60316 Frankfurt am Main, Bernhard-Grzimek-Allee 1;Samstag;2021-10-09;2021-10-01T16:59:26.754226Z
Oktoberfest - Bayrische Gemütlichkeit;2032;Primus-Linie;60311 Frankfurt, Mainkai 36;Samstag;2021-10-09;2021-10-01T16:59:26.754226Z
Addnfahrer - S' Lem is koa Nudlsubbn;1755;Jahnturnhalle;64521 Groß-Gerau, Jahnstraße;Samstag;2021-10-09;2021-10-01T16:59:26.754226Z
Amigos - Für unsere Freunde Tour 2021;1725;Jahnturnhalle;64521 Groß-Gerau, Jahnstraße;Samstag;2021-10-09;2021-10-01T16:59:26.754226Z
Batschkapp Sommergarten;681;Batschkapp;60388 Frankfurt am Main, Gwinnerstraße 5;Samstag;2021-10-09;2021-10-01T16:59:26.754226Z
Beier & Hang - Beklopptimierung;1765;Jahnturnhalle;64521 Groß-Gerau, Jahnstraße;Samstag;2021-10-09;2021-10-01T16:59:26.754226Z
BIn nebenan;213;Stalburg Theater;60318 Frankfurt am Main, Glauburgstraße 80;Samstag;2021-10-09;2021-10-01T16:59:26.754226Z
Bülent Ceylan - Luschtobjekt;1765;Jahnturnhalle;64521 Groß-Gerau, Jahnstraße;Samstag;2021-10-09;2021-10-01T16:59:26.754226Z
Caroli & The Zoo präsentieren: Die Mega Single Party;149;Batschkapp;60388 Frankfurt am Main, Gwinnerstraße 5;Samstag;2021-10-09;2021-10-01T16:59:26.754226Z
Das Stadlfest - unterwegs 2021 - präsentiert von Andy …;1709;Jahnturnhalle;64521 Groß-Gerau, Jahnstraße;Samstag;2021-10-09;2021-10-01T16:59:26.754226Z
Electric Grooves;559;Tanzhaus West/Dora Brilliant;60327 Frankfurt am Main, Gutleutstraße 294;Samstag;2021-10-09;2021-10-01T16:59:26.754226Z
Erzeugermarkt Konstablerwache;547;Erzeugermarkt Konstablerwache;60313 Frankfurt am Main, Konstablerwache;Samstag;2021-10-09;2021-10-01T16:59:26.754226Z
FREILUFT Markt;1547;Börsenplatz;60313 Frankfurt am Main, Börsenplatz;Samstag;2021-10-09;2021-10-01T16:59:26.754226Z
Gery Seidl - Hochtief;1495;Carl-Zuckmayer-Halle;55299 Nackenheim, Lörzweiler Straße 15;Samstag;2021-10-09;2021-10-01T16:59:26.754226Z
Gibson Loves Saturdays;947;Gibson Club;60313 Frankfurt am Main, Zeil 77;Samstag;2021-10-09;2021-10-01T16:59:26.754226Z
Gudrun Höpker - Höppi Hour - die Radio Live-Show;2375;Jahnturnhalle;64521 Groß-Gerau, Jahnstraße;Samstag;2021-10-09;2021-10-01T16:59:26.754226Z
Heiner Herbstvergnügen auf dem Messeplatz;212;Darmstadt Messplatz;64289 Darmstadt, Marburgerstraße;Samstag;2021-10-09;2021-10-01T16:59:26.754226Z
How to RAVE: #1 Matz Ernst & Konsorten;119;Hafen 2;63067 Offenbach, Nordring 129;Samstag;2021-10-09;2021-10-01T16:59:26.754226Z
JIMMY REITER BAND - Electric Blues;564;Alte Öhlmühle;63225 Langen, Fahrgasse 5;Samstag;2021-10-09;2021-10-01T16:59:26.754226Z
Kaya Yanar - Fluch der Familie;1775;Jahnturnhalle;64521 Groß-Gerau, Jahnstraße;Samstag;2021-10-09;2021-10-01T16:59:26.754226Z
Klassisches BrauErlebnis;445;Glaabsbräu GmbH & Co. KG;63500 Seligenstadt, Frankfurter Straße 9;Samstag;2021-10-09;2021-10-01T16:59:26.754226Z
Kölsche Nacht - Kasalla, Druckluft & Lupo;2403;Jahnturnhalle;64521 Groß-Gerau, Jahnstraße;Samstag;2021-10-09;2021-10-01T16:59:26.754226Z
Latin Summer;1455;Latin Palace Changó;60311 Frankfurt, Münchener Straße 57;Samstag;2021-10-09;2021-10-01T16:59:26.754226Z
Mandowar;149;Batschkapp;60388 Frankfurt am Main, Gwinnerstraße 5;Samstag;2021-10-09;2021-10-01T16:59:26.754226Z
Mariano Pensotti / Grupo Marea - Los años / Die Jahre;385;Mousonturm Saal;60316 Frankfurt am Main, Waldschmidtstraße 4;Samstag;2021-10-09;2021-10-01T16:59:26.754226Z
Markus Barth - Haha... Moment, was?;1772;Jahnturnhalle;64521 Groß-Gerau, Jahnstraße;Samstag;2021-10-09;2021-10-01T16:59:26.754226Z
Messe Rhein-Main;1054;Messepark Hochheim am Main;65239 Hochheim, Am Weiher;Samstag;2021-10-09;2021-10-01T16:59:26.754226Z
Notorious;959;Cooky's;60311 Frankfurt, Am Salzhaus 4;Samstag;2021-10-09;2021-10-01T16:59:26.754226Z
Olaf Schubert & seine Freunde - Zeit für Rebellen;1788;Jahnturnhalle;64521 Groß-Gerau, Jahnstraße;Samstag;2021-10-09;2021-10-01T16:59:26.754226Z
Peter Kamenz und seine Goldenen Egerländer - Goldene …;1724;Jahnturnhalle;64521 Groß-Gerau, Jahnstraße;Samstag;2021-10-09;2021-10-01T16:59:26.754226Z
Ray Wilson & Band - Genesis Classic;1740;Jahnturnhalle;64521 Groß-Gerau, Jahnstraße;Samstag;2021-10-09;2021-10-01T16:59:26.754226Z
Seewiesn Oktoberfest - Hoch die Krüge: Alpenfuzzis Live;128;Wirtshaus am See;63796 Kahl, Emmerichshofen 3;Samstag;2021-10-09;2021-10-01T16:59:26.754226Z
Sharkwater German Bowl XLII;221;Deutsche Bank Park;60528 Frankfurt am Main, Mörfelder Lanstraße 362;Samstag;2021-10-09;2021-10-01T16:59:26.754226Z
ShishaMesse;929;Messe Frankfurt;60327 Frankfurt am Main, Ludwig-Erhard-Anlage 1;Samstag;2021-10-09;2021-10-01T16:59:26.754226Z
Skylight-Tour;383;Primus-Linie;60311 Frankfurt, Mainkai 36;Samstag;2021-10-09;2021-10-01T16:59:26.754226Z
Stefan Kröll - Goldrausch 2.0;1709;Jahnturnhalle;64521 Groß-Gerau, Jahnstraße;Samstag;2021-10-09;2021-10-01T16:59:26.754226Z
United Volleys - VfB Friedrichshafen;73;Fraport Arena;65929 Frankfurt am Main, Silostraße 46;Samstag;2021-10-09;2021-10-01T16:59:26.754226Z
Velvet-Bar-Night;751;Velvet Club;60311 Frankfurt, Weißfrauenstraße 12-16;Samstag;2021-10-09;2021-10-01T16:59:26.754226Z
Wochenmarkt Bornheim;489;Wochenmarkt Bornheim;60385 Frankfurt am Main, Berger Straße 194;Samstag;2021-10-09;2021-10-01T16:59:26.754226Z
Wochenmarkt und Markthalle Höchst;550;Markthalle und Wochenmarkt Höchst;65929 Frankfurt am Main, Höchster Markt 6;Samstag;2021-10-09;2021-10-01T16:59:26.754226Z
Wolfgang Krebs;1767;Jahnturnhalle;64521 Groß-Gerau, Jahnstraße;Samstag;2021-10-09;2021-10-01T16:59:26.754226Z
Zoom Club * Opening Weekend;345;Zoom Club;60313 Frankfurt am Main, Brönnerstraße 5-9;Samstag;2021-10-09;2021-10-01T16:59:26.754226Z
